video_url,user_url,username,title,view_num,created_at,shortdesc,collected_at
/watch?v=4VIy3zV-7sA&pp=ygUMQ2FwaXRvbCBIaWxs,/@trtworld,TRT World,The Capitol Hill Show | Episode 4: Robert F. Kennedy,26K,1 day,"From climate change to the war in Ukraine, from the economy to the very fate of democracy, 2024 looks set to be a defining year in¬†...",2024-01-29 03:37:25.069131
/watch?v=qvgq1awXNzs&pp=ygUMQ2FwaXRvbCBIaWxs,/@uscapitol,Architect of the Capitol,Virtual U.S. Capitol Tour,474K,3 years,"Until you can visit us in person, take this virtual tour featuring some of our favorite aspects of the U.S. Capitol. Tour stops include:¬†...",2024-01-29 03:37:25.075820
/watch?v=lfP_5L8epow&pp=ygUMQ2FwaXRvbCBIaWxs,/@VICENews,VICE News,Inside the Capitol Hill Riots,2.6M,3 years,This is what it was like to be inside the Capitol Hill insurrection. Subscribe to VICE News here: http://bit.ly/Subscribe-to-VICE-News¬†...,2024-01-29 03:37:34.118845
/watch?v=ehMxSQhUOLE&pp=ygUMQ2FwaXRvbCBIaWxs,/@TripHacksDC,Trip Hacks DC,"What to See, Do and Eat in Capitol Hill | Washington DC Neighborhood Guide",12K,1 year,"This is your guide to what you can see, do and eat in Capitol Hill when you visit Washington, DC. Capitol Hill is a historic¬†...",2024-01-29 03:37:34.130462
/watch?v=Os1djKfl7ZU&pp=ygUMQ2FwaXRvbCBIaWxs,/@uscapitol,Architect of the Capitol,A Visual Timeline 220 Years of Growth on Capitol Hill,940K,10 years,"Construction of the U.S. Capitol Building began in 1793 atop Jenkins' Hill, now often referred to as ""Capitol Hill."" Since then many¬†...",2024-01-29 03:37:34.150738
/watch?v=tmwkpW5wXo8&pp=ygUMQ2FwaXRvbCBIaWxs,/@JamesShiang,James Shiang,A Day in the Life of a Capitol Hill Intern | Washington DC,3.6K,11 months,this is a Day in the Life of a Capitol Hill Intern. :) any and all thoughts are of my own opinion and do not reflect the US House of¬†...,2024-01-29 03:37:34.155611
/watch?v=FoP9ufM3bjw&pp=ygUMQ2FwaXRvbCBIaWxs,/@SecondThought,Second Thought,The Capitol Riot Explained,999K,3 years,"In this episode, I do my best to explain the Capitol Hill riot, who was responsible, why it happened, and what it means for the¬†...",2024-01-29 03:37:34.167262
/watch?v=WaEis4n0x7Q&pp=ygUMQ2FwaXRvbCBIaWxs,/@ABCNews,ABC News,Hunter Biden makes surprise appearance on Capitol Hill amid contempt hearing,33K,2 weeks,Hunter Biden arrived on Capitol Hill to attend a House committee meeting on whether to hold him in contempt of Congress.,2024-01-29 03:37:34.169818
/watch?v=cGwJWiqTDKM&pp=ygUMQ2FwaXRvbCBIaWxs,/@CBSNews,CBS News,Fighting words escalate on Capitol Hill,32K,2 months,"Two fiery exchanges on Capitol Hill Tuesday are exposing frayed nerves among lawmakers in Washington D.C. Claudia Grisales,¬†...",2024-01-29 03:37:34.183686
/watch?v=x6tNHxnQTak&pp=ygUMQ2FwaXRvbCBIaWxs,/@msnbc,MSNBC,Hunter Biden appears on Capitol Hill during contempt of Congress hearings,156K,2 weeks,Hunter Biden made a surprise appearance on Capitol Hill while the House Oversight Committee and the House Judiciary¬†...,2024-01-29 03:37:34.186715
/watch?v=jXAv2cDkWAA&pp=ygUMQ2FwaXRvbCBIaWxs,/@CNBC,CNBC,The Capitol Riots: An Hour-By-Hour Timeline,1.1M,3 years,"Supporters of President Trump stormed the U.S. Capitol on Jan. 6, 2020, causing Congress to suspend proceedings to confirm the¬†...",2024-01-29 03:37:34.197090
/watch?v=7QjvVfeR9r8&pp=ygUMQ2FwaXRvbCBIaWxs,/@FoxNews,Fox News,Jewish demonstrators protest on Capitol Hill,63K,3 months,FOX News senior congressional correspondent Chad Pergram has the latest on protests over the Israel-Hamas war on 'The Story.,2024-01-29 03:37:34.203838
/watch?v=auplZzhrmaY&pp=ygUMQ2FwaXRvbCBIaWxs,/@fox5dc,FOX 5 Washington DC,Pro-Palestinian protesters gather inside Cannon Rotunda at Capitol Hill,7.1K,3 months,A large group of pro-Palestinian protesters demonstrate inside the Cannon Rotunda. FOX 5's DMV Zone takes you behind the¬†...,2024-01-29 03:37:34.206331
/watch?v=li6xRvkR1bU&pp=ygUMQ2FwaXRvbCBIaWxs,/@Foxla,FOX 11 Los Angeles,U.S. Senate rocked by sex tape scandal,2.2M,1 month,Capitol Hill is at the center of a sex scandal after a tape involving a Senate staffer got leaked. Subscribe to FOX 11 on YouTube:¬†...,2024-01-29 03:37:34.217187
/watch?v=umj74EPlOW0&pp=ygUMQ2FwaXRvbCBIaWxs,/@WETAPBS,WETA PBS,Capitol Hill | DC Neighborhoods,1.1K,1 year,Journalist Jesse J. Holland explains how Capitol Hill transformed as Black Washingtonians went from renting to owning homes¬†...,2024-01-29 03:37:34.223633
/watch?v=6MMe92v5sSA&pp=ygUMQ2FwaXRvbCBIaWxs,/@markets,Bloomberg Television,Wall Street Bank CEOs on Capitol Hill,28K,Streamed 1 month,"The CEOs of some of the biggest US banks -- including Jamie Dimon of JPMorgan, Brian Moynihan of Bank of America and Jane¬†...",2024-01-29 03:37:34.235178
/watch?v=00N2to4aCBM&pp=ygUMQ2FwaXRvbCBIaWxs,/@fox5dc,FOX 5 Washington DC,Multiple arrested at pro-Palestinian protests on Capitol Hill,222K,3 months,Jewish Voice for Peace member Malkah Bird says protestors at the Capitol are calling for an immediate ceasefire in Gaza.,2024-01-29 03:37:34.241188
/watch?v=l83CjFLZFrc&pp=ygUMQ2FwaXRvbCBIaWxs,/@FreeToursbyFootDC,Free Tours by Foot DC,Capitol Hill Tour (& Library of Congress + Supreme Court) in HD,19K,2 years,"On this Virtual Capitol Hill Tour, you'll find the Library of Congress, Supreme Court and of course, the United States Capitol¬†...",2024-01-29 03:37:34.250131
/watch?v=upt6YhXGb-U&pp=ygUMQ2FwaXRvbCBIaWxs,/@NBCNews,NBC News,"Presidents of MIT, UPenn and Harvard testify on Capitol Hill over rise in antisemitism on campuses",42K,1 month,"The presidents of MIT, UPenn and Harvard testified on Capitol Hill today about how to protect free speech and student safety¬†...",2024-01-29 03:37:34.260067
/watch?v=CPJH4R0NfPk&pp=ygUMQ2FwaXRvbCBIaWxs,/@msnbc,MSNBC,Donald Trump's hold on GOP from campaign trail to Capitol Hill,55K,5 hours,"Molly Jong-Fast, Michael Steele, and Luke Broadwater join Jonathan Capehart to discuss Donald Trump's efforts to derail the¬†...",2024-01-29 03:37:41.729022
/watch?v=JbkHVrlG1mk&pp=ygUMQ2FwaXRvbCBIaWxs,/@WPLGLocal10,WPLG Local 10,National Guard takes over Capitol Hill in D.C.,137K,3 years,"HILL. >> NICOLE, I WANT TO SHOW YOU THIS RIGHT NOW. >> NICOLE, I WANT TO SHOW YOU THIS RIGHT NOW.",2024-01-29 03:37:41.735202
/watch?v=tE3LmUtK7HA&pp=ygUMQ2FwaXRvbCBIaWxs,/@MannyExploresVlog,Manny Explores,"Exploring Seattle - Exploring Capitol Hill | Seattle, Washington",9.1K,1 year,"Exploring Seattle, Capitol Hill, Exploring Capitol Hill, Seattle Walking Tour, Walking Seattle, Washington In this video I explore¬†...",2024-01-29 03:37:41.737230
/watch?v=RuAgHzuI3GM&pp=ygUMQ2FwaXRvbCBIaWxs,/@ABCNews,ABC News,University presidents under pressure after antisemitism testimony on Capitol Hill,51K,1 month,University of Pennsylvania President Lizz Magill walked back comments she made during a contentious House hearing about¬†...,2024-01-29 03:37:41.738597
/watch?v=UXR_bqyAy4E&pp=ygUMQ2FwaXRvbCBIaWxs,/@BBCNews,BBC News,Chaos in Washington as Trump supporters storm Capitol and force lockdown of Congress - BBC News,8M,3 years,"Thousands of supporters of President Trump have stormed the US Capitol building, venting their anger at the victory of Joe Biden¬†...",2024-01-29 03:37:41.740090
/watch?v=W6TiXg3qMkY&pp=ygUMQ2FwaXRvbCBIaWxs,/@CBSNews,CBS News,"Protesters on Capitol Hill call for Israel-Hamas cease-fire, hundreds arrested",45K,3 months,The Capitol Police says roughly 300 people were arrested during a pro-Palestinian protest at the Cannon House building in¬†...,2024-01-29 03:37:41.741849
/watch?v=6Cuxv8c0b9Q&pp=ygUMQ2FwaXRvbCBIaWxs,/@msnbc,MSNBC,Protesters on Capitol Hill call for Gaza ceasefire,194K,3 months,NBC News' Julie Tsirkin reports from Capitol Hill where protesters are staging a demonstration to call for a ceasefire in Gaza.,2024-01-29 03:37:41.745372
/watch?v=LnH2sU0OA5w&pp=ygUMQ2FwaXRvbCBIaWxs,/@FoxBusiness,Fox Business,'EMBARRASSING': Bartiromo reacts to chaotic day on Capitol Hill,69K,2 months,A 'Mornings with Maria' panel discusses tensions flaring between lawmakers on Capitol Hill. #foxbusiness Subscribe to Fox¬†...,2024-01-29 03:37:41.747176
/watch?v=00X6WIb6gJY&pp=ygUMQ2FwaXRvbCBIaWxs,/@welcometodenver,Welcome To Denver CO,Virtual tour of Capitol Hill Denver - One of the Best Neighborhoods in Denver!,4.7K,2 years,Virtual tour of Capitol Hill Denver - One of the Best Neighborhoods in Denver! Today we're looking at the Capitol Hill¬†...,2024-01-29 03:37:41.748641
/watch?v=wlp_6L07rvU&pp=ygUMQ2FwaXRvbCBIaWxs,/@jonathancahn.official,Jonathan Cahn Official,JONATHAN CAHN SPEAKS TO CAPITOL HILL,28K,10 years,"To get in touch, to receive more, including Free Gifts and Updates, or to be part in the Great Commission, go to:¬†...",2024-01-29 03:37:41.750522
/watch?v=OpkdbMOrono&pp=ygUMQ2FwaXRvbCBIaWxs,/@CBCTheNational,CBC News: The National,What‚Äôs been learned about the Capitol Hill riot and why it could happen again,14K,2 years,"A year after rioters stormed Capitol Hill, official and unofficial investigations reveal more about who was involved in the attack and¬†...",2024-01-29 03:37:41.751947
/watch?v=gWMqne9BXxA&pp=ygUMQ2FwaXRvbCBIaWxs,/@jonathancahn.official,Jonathan Cahn Official,"Jonathan Cahn Calls Out Obama, Supreme Court Justices on Capitol Hill",111K,7 years,"Where do you get the authority to overrule the rulings of the Most High?‚Äù 4-27-16 To get in touch, to receive more, including Free¬†...",2024-01-29 03:37:41.753544
/watch?v=EIJRgAcBv3k&pp=ygUMQ2FwaXRvbCBIaWxs,/@ABCNews,ABC News,Capitol Hill lawmakers struggle over bipartisan tax deal,3.9K,3 days,ABC News political correspondent Rachael Bade breaks down the struggle lawmakers on Capitol Hill are facing to come to an¬†...,2024-01-29 03:37:41.754931
/watch?v=1ctaakF11Js&pp=ygUMQ2FwaXRvbCBIaWxs,/@CNBCtelevision,CNBC Television,AI gets red carpet on Capitol Hill as tech leaders gear up for forum,1.8K,4 months,Turn to CNBC TV for the latest stock market news and analysis. From market futures to live price updates CNBC is the leader in¬†...,2024-01-29 03:37:41.756245
/watch?v=-a067wX4Ddw&pp=ygUMQ2FwaXRvbCBIaWxs,/@CBNnewsonline,CBN News,"Harvard, UPenn, MIT Presidents Testify on Capitol Hill About Antisemitism on Campus",13K,1 month,WASHINGTON -- Antisemitism is on the rise in the U.S. and around the world following the Hamas Oct. 7 terror attack on Israel.,2024-01-29 03:37:41.757750
/watch?v=LKzK8iIBngA&pp=ygUMQ2FwaXRvbCBIaWxs,/@AUAdmissions,American University Admissions,Intern Spotlight: Harrison on Capitol Hill,1K,4 years,Interning for Rep. Sean Patrick Maloney on Capitol Hill provided the uniquely DC experience Harrison wanted as an AU student.,2024-01-29 03:37:41.759044
/watch?v=LReGtBtyYNg&pp=ygUMQ2FwaXRvbCBIaWxs,/@CoffeeWithColeman,Coffee With Coleman,Best Neighborhoods in DC üèÜ - Life on Capitol Hill üá∫üá∏,12K,2 years,"If you've thought about moving to Capitol Hill in Washington, DC then this video can help you know what life is really like.",2024-01-29 03:37:41.760272
/watch?v=xsIGcvRv82M&pp=ygUMQ2FwaXRvbCBIaWxs,/@FoxNews,Fox News,Hearing erupts after Hunter Biden's surprise appearance on Capitol Hill,243K,Streamed 2 weeks,Hunter Biden makes a surprise appearance on Capitol Hill before the House Oversight Committee. #FoxNews Subscribe to Fox¬†...,2024-01-29 03:37:41.761620
/watch?v=UF9wBE684ms&pp=ygUMQ2FwaXRvbCBIaWxs,/@KING5Seattle,KING 5 Seattle,Armed suspect in custody after dispute in Seattle's Capitol Hill neighborhood,7.7K,6 months,Seattle police responded to a hostage situation in the Capitol Hill neighborhood Wednesday evening. The incident happened¬†...,2024-01-29 03:37:52.607440
/watch?v=aBAPeWyLplk&pp=ygUMQ2FwaXRvbCBIaWxs,/@nellisgroup,nellisgroup,Washington D.C. Home Tour in Capitol Hill,13K,2 years,This beautiful home in Capitol Hill features 3 bedrooms and 2.5 bathrooms with over 1604 square feet. With more than $90000 in¬†...,2024-01-29 03:37:52.609425
/watch?v=-QjK_Jy4pns&pp=ygUMQ2FwaXRvbCBIaWxs,/@GCC_CapHill,Grace Covenant Church Capitol Hill,Capitol Hill Sunday Service,104,Streamed 2 weeks,Capitol Hill Sunday Service.,2024-01-29 03:37:52.610675
/watch?v=JUDSeb2zHQ0&pp=ygUMQ2FwaXRvbCBIaWxs,/@SaturdayNightLive,Saturday Night Live,How a Bill Does Not Become a Law - SNL,8.8M,9 years,"A Bill (Kenan Thompson) tries to explain government to a little kid (Kyle Mooney), then President Obama (Jay Pharaoh) and his¬†...",2024-01-29 03:37:52.611982
/watch?v=_2U8gEvfNRw&pp=ygUMQ2FwaXRvbCBIaWxs,/@NewsNation,NewsNation,Protesters on Capitol Hill call for ceasefire in Israel-Hamas war | NewsNation Now,5K,3 months,Anti-Zionist group Jewish Voice for Peace came to the Cannon House Rotunda in the U.S. Capitol complex Wednesday to¬†...,2024-01-29 03:37:52.613822
/watch?v=dOWD2hYlaio&pp=ygUMQ2FwaXRvbCBIaWxs,/@CoffeeWithColeman,Coffee With Coleman,"Learn About the Capitol Hill Neighborhood in Washington, DC",1.5K,4 years,We created this video to highlight some of the history of Capitol Hill and why people love to live here. If you ever have any¬†...,2024-01-29 03:37:52.615067
/watch?v=usFWQvBh7gI&pp=ygUMQ2FwaXRvbCBIaWxs,/@CNET,CNET,Zuck gets blasted on Capitol Hill,153K,5 years,Facebook CEO Mark Zuckerberg gets earful from US Senators on user privacy. Subscribe to CNET: http://cnet.co/2heRhep Check¬†...,2024-01-29 03:37:52.616302
/watch?v=mC9gJkoTlqw&pp=ygUMQ2FwaXRvbCBIaWxs,/@swangxswang,Sarah Wang,"TOURING SEATTLE APARTMENTS | 2 Bedrooms in Capitol Hill, Downtown, and South Lake Union",55K,1 year,Description: Touring Seattle Apartments! Come tour apartments in Seattle with me! Links: N/A ‚ú® Social Media: Instagram:¬†...,2024-01-29 03:37:52.618054
/watch?v=ZUcrJvfRt80&pp=ygUMQ2FwaXRvbCBIaWxs,/@CityandCountyDenver,The City of Denver,Denver History Minute - Capitol Hill Neighborhood,7K,10 years,The development f Denver's historic Capitol Hill Neighborhood.,2024-01-29 03:37:52.619285
/watch?v=HUodllJh_SI&pp=ygUMQ2FwaXRvbCBIaWxs,/@NBCNews,NBC News,‚ÄòTurmoil‚Äô on Capitol Hill after short-term funding bill fails in the House.,90K,3 months,A stop-gap funding bill failed in the House as the shutdown deadline looms. NBC News Capitol Hill Correspondent Ryan Nobles¬†...,2024-01-29 03:37:52.620589
/watch?v=HGQfTmytPtg&pp=ygUMQ2FwaXRvbCBIaWxs,/@KOCO,KOCO 5 News,5 arrested in connection with Capitol Hill High School fight,3.9K,8 years,Parents at Capitol Hill High School rushed to pick up their kids once the school announced there were concerns about several¬†...,2024-01-29 03:37:52.622164
/watch?v=D5h4vOMdmqo&pp=ygUMQ2FwaXRvbCBIaWxs,/@FoxNews,Fox News,Country star Jelly Roll testifies on Capitol Hill,96K,Streamed 2 weeks,"Country rapper Jelly Roll testifies during a Senate Banking, Housing and Urban Affairs Committee hearing on the fentanyl crisis.",2024-01-29 03:37:52.623471
/watch?v=1cMTogEyLS8&pp=ygUMQ2FwaXRvbCBIaWxs,/@CNBC-TV18,CNBC-TV18,Hunter Biden Appears On Capitol Hill As House G.O.P Votes For Contempt | Hunter Biden Hearing LIVE,193K,Streamed 5 days,Hunter Biden Hearing LIVE | Hunter Biden Appears On Capitol Hill As House G.O.P Votes For Contempt | CNBC TV18 The¬†...,2024-01-29 03:37:52.624799
/watch?v=MV6DJj_ggsc&pp=ygUMQ2FwaXRvbCBIaWxs,/@YahooFinance,Yahoo Finance,Boeing CEO addresses 737 safety concerns on Capitol Hill,1.8K,4 days,Shares of Spirit AeroSystems (SPR) rise 6% following a Seattle Times report suggesting the company is not responsible for a¬†...,2024-01-29 03:37:52.626097
/watch?v=Y31YAx1zTjg&pp=ygUMQ2FwaXRvbCBIaWxs,/@ABCNews,ABC News,Protesters on Capitol Hill call for Gaza ceasefire,756K,3 months,U.S. Capitol Police say demonstrations are not allowed inside Congressional buildings and are working to clear the crowd as¬†...,2024-01-29 03:37:52.627395
/watch?v=VKqhhSBKi-E&pp=ygUMQ2FwaXRvbCBIaWxs,/@StateDept,U.S. Department of State,Secretary Blinken testifies before the Senate Committee on Appropriations on Capitol Hill,2.9K,2 months,Secretary of State Antony J. Blinken testifies before the Senate Committee on Appropriations on ‚ÄúA Review of the National¬†...,2024-01-29 03:37:52.629121
/watch?v=FkdyuXVzy3o&pp=ygUMQ2FwaXRvbCBIaWxs,/@FoxNews,Fox News,Live: FBI Director Christopher Wray faces grilling on Capitol Hill,65K,Streamed 1 month,Senate Judiciary Committee conducts oversight of the Federal Bureau of Investigation. #FoxNews Subscribe to Fox News!,2024-01-29 03:37:52.630621
/watch?v=dKuiIfAetLw&pp=ygUMQ2FwaXRvbCBIaWxs,/@seattleuniversity,Seattle University,Beyond Seattle U   Capitol Hill,5.3K,5 years,"""Capitol Hill is right off Seattle University's campus. It is the main arts district in Seattle. You see a lot of really awesome street art,¬†...",2024-01-29 03:38:04.052817
/watch?v=cusol8IRXTE&pp=ygUMQ2FwaXRvbCBIaWxs,/@GCC_CapHill,Grace Covenant Church Capitol Hill,Capitol Hill Sunday Service,115,Streamed 2 months,Capitol Hill Sunday Service.,2024-01-29 03:38:04.055251
/watch?v=TK68ffBF9IM&pp=ygUMQ2FwaXRvbCBIaWxs,/@TODAY,TODAY,Inside The ‚ÄòAutonomous Zone‚Äô In Seattle‚Äôs Capitol Hill | TODAY,279K,3 years,"About: TODAY brings you the latest headlines and expert tips on money, health and parenting. We wake up every morning to give¬†...",2024-01-29 03:38:04.061032
/watch?v=L8L6h-RJ44Q&pp=ygUMQ2FwaXRvbCBIaWxs,/@UrbanistExploringCities,Urbanist: Exploring Cities,Exploring Seattle's Capitol Hill and its Best Food,7.3K,Streamed 1 year,**MY GEAR (affiliate links)** Live Streams: iPhone 11 Pro Max: https://amzn.to/3h97nRD DJI OSMO Mobile 4 (gimbal):¬†...,2024-01-29 03:38:04.066739
/watch?v=1p00ASxejlE&pp=ygUMQ2FwaXRvbCBIaWxs,/channel/UCBVskSp1AgQ0ZJoe6e8xi5w,Derek Webb,Derek Webb- A Savior On Capitol Hill Video,71K,15 years,"Video for Derek's song ""A Savior On Capitol Hill"" Derek's NEW ALBUM OUT NOW https://on.cmdshft.com/TARGETS Facebook:¬†...",2024-01-29 03:38:04.069903
/watch?v=htybkuZ_7mU&pp=ygUMQ2FwaXRvbCBIaWxs,/@LivinginSeattleWashington,Living in Seattle Washington,Living in Capitol Hill Seattle [Full Vlog Tour],6.4K,4 years,This is the BEST video about Living in Capitol Hill Seattle and Tour of Seattle Neighborhoods! Such a great neighborhood in¬†...,2024-01-29 03:38:04.073368
/watch?v=r2MnFaipUTY&pp=ygUMQ2FwaXRvbCBIaWxs,/@NBCNews,NBC News,FBI employee carjacked near Capitol Hill,6K,1 month,The FBI says an employee's car was recovered shortly after an armed carjacking near Capitol Hill. WRC's Joseph Olmo reports.,2024-01-29 03:38:04.076919
/watch?v=EuFwEz_FiYA&pp=ygUMQ2FwaXRvbCBIaWxs,/@FoxNews,Fox News,Pro-Palestinian protesters arrested during Capitol Hill tree lighting,47K,1 month,FOX News' Brooke Singman reports the latest. #FOXNews Subscribe to Fox News! https://bit.ly/2vBUvAS Watch more Fox News¬†...,2024-01-29 03:38:04.083165
/watch?v=Z_TYWVJEYHA&pp=ygUMQ2FwaXRvbCBIaWxs,/@Jdcot,JD Careers Out There,Capitol Hill Jobs For Lawyers,1.6K,10 years,"Whether you're in law school or wondering what to do with a law degree, check out the full interview with David at JDCOT. He tells¬†...",2024-01-29 03:38:04.087667
/watch?v=Bc3dW_jrKTg&pp=ygUMQ2FwaXRvbCBIaWxs,/@ABCNews,ABC News,Pressure on Capitol Hill for police reform,2.9K,2 years,Republican Sen. Tim Scott told ABC News that ‚Äúwe're starting to see a framework‚Äù for police reform. President Joe Biden spoke to¬†...,2024-01-29 03:38:04.090768
/watch?v=nt7XMQpFSW0&pp=ygUMQ2FwaXRvbCBIaWxs,/@thearcoftheus,The Arc of the United States,"Real Stories, Real Impact: Advocates on Capitol Hill",2.9K,4 years,Hear from disability rights advocates who met with their Congressional representatives on Capitol Hill. Learn why they attended¬†...,2024-01-29 03:38:04.095943
/watch?v=oPWqOAtD_lE&pp=ygUMQ2FwaXRvbCBIaWxs,/@dmvluxuryliving,DMV Luxury Living,"MUST SEE! - Capitol Hill NE Washington, DC - Luxury Renovated Home Tour - Million Dollar Listing",17K,1 year,"MUST SEE! - Capitol Hill NE Washington, DC - Stunning Luxury Renovated Home Tour - Million Dollar Listing - Capitol Hill DC¬†...",2024-01-29 03:38:04.099332
/watch?v=IOGXkMmtl6I&pp=ygUMQ2FwaXRvbCBIaWxs,/@msnbc,MSNBC,"Rioters Walk Through Capitol Building, Statuary Hall Outside of House Chamber | MSNBC",230K,3 years,"MSNBC delivers breaking news, in-depth analysis of politics headlines, as well as commentary and informed perspectives.",2024-01-29 03:38:04.103817
/shorts/S04VVowhaSo,/@WCNC,WCNC,The funding battle continues on Capitol Hill,2.8K,2 days,Senate negotiators will work through the weekend to come to an agreement on tightening border security. Former President¬†...,2024-01-29 03:38:04.107105
/watch?v=dhvPKTiV7to&pp=ygUMQ2FwaXRvbCBIaWxs,/@CBSEveningNews,CBS Evening News,Boeing faces quality control questions as its CEO appears on Capitol Hill,3.3K,4 days,"Boeing CEO Dave Calhoun was on Capitol Hill Wednesday, attempting to reassure key senators that the company's planes are¬†...",2024-01-29 03:38:04.111892
/watch?v=PBBpY_jsfN4&pp=ygUMQ2FwaXRvbCBIaWxs,/@sfnvideo,Society for Neuroscience,Capitol Hill Day: Influencing Policy Through Advocacy,465,7 years,SfN's 2016 Capitol Hill Day was the hallmark advocacy event of the year. Members from across the country convened at Capitol¬†...,2024-01-29 03:38:04.115028
/watch?v=ibWJO02nNsY&pp=ygUMQ2FwaXRvbCBIaWxs,/@WashingtonPost,Washington Post,Inside the U.S. Capitol at the height of the siege | Visual Forensics,4.9M,3 years,"At 2:12 p.m. on Jan. 6, supporters of President Trump began climbing through a window they had smashed on the northwest side¬†...",2024-01-29 03:38:04.120974
/watch?v=WZni1VBVD-k&pp=ygUMQ2FwaXRvbCBIaWxs,/@komonews,KOMO News,"3 years since CHOP: Seattle's Capitol Hill still bears the scars of 2020 protests, occupation",18K,6 months,"Three years ago this week, the Capitol Hill Organized Protest, also known as CHOP, was dismantled. Yet, the scars in this¬†...",2024-01-29 03:38:04.125957
/watch?v=SlzoLEWOrj4&pp=ygUMQ2FwaXRvbCBIaWxs,/@NBCNews,NBC News,Protester Throws Russian Flags At President Donald Trump On Capitol Hill | NBC News,20K,6 years,A protester threw what appeared to be Russian flags at President Trump as he passed through Capitol Hill with Senate Majority¬†...,2024-01-29 03:38:04.129699
/watch?v=1gFV3tykSeg&pp=ygUMQ2FwaXRvbCBIaWxs,/@fox5dc,FOX 5 Washington DC,Pro-Palestinian protest underway at Cannon Rotunda on Capitol Hill; USCP detains some demonstrators,14K,Streamed 3 months,A large group of pro-Palestinian protesters are demonstrating inside the Cannon Rotunda at the Capitol. READ MORE:¬†...,2024-01-29 03:38:04.134241
/watch?v=udYiGbXM6jc&pp=ygURQ2FsIEFuZGVyc29uIFBhcms%3D,/@LaoOcean,Lao Ocean,Seattle Coffee Talk + Morning Walk In Capitol Hill | Cal Anderson Park ‚òïÔ∏è,2.1K,1 year,A morning g at Seattle's Capitol Hill beginning with a 12 oz coffee (Americano) at Overcast Coffee Coffee. I do a quick coffee¬†...,2024-01-29 03:38:19.760780
/watch?v=pHM1I7v9bF8&pp=ygURQ2FsIEFuZGVyc29uIFBhcms%3D,/@KING5Seattle,KING 5 Seattle,Black Lives Memorial Garden demolished at Cal Anderson Park in Seattle,7.7K,1 month,Seattle Parks and Recreation (SPR) removed a community garden Wednesday that became a symbol of hope during the 2020¬†...,2024-01-29 03:38:19.764518
/watch?v=JGmm-fmCNyE&pp=ygURQ2FsIEFuZGVyc29uIFBhcms%3D,/@LaoOcean,Lao Ocean,Evening Walk At CAL ANDERSON PARK in Seattle's CAPITOL HILL,1.7K,3 years,"Seattle #CalAnderson #Capitol Hill How does Cal Anderson Park look today, August 11, 2020? On this date I decided to go for an¬†...",2024-01-29 03:38:19.772519
/watch?v=jFc_U-wnqCc&pp=ygURQ2FsIEFuZGVyc29uIFBhcms%3D,/@4KNatureandCityWalks,4K Nature and City Walks,"Cal Anderson Park and Capitol Hill Arts District Seattle, Washington 2019 | Pine St, 12th Ave",2.3K,4 years,"A virtual walking tour in 4k past the Lincoln Reservoir, Cal Anderson Reflecting Pool, Bobby Morris Playfield and through the Arts¬†...",2024-01-29 03:38:19.776443
/watch?v=vXwAbyKvzVM&pp=ygURQ2FsIEFuZGVyc29uIFBhcms%3D,/@TVW_Washington,TVW,My Favorite Places - Cal Anderson Park,170,5 years,"Join Ralph Munro as we visit Cal Anderson Park in Seattle and tell the story of Senator Cal Anderson, Washington State's first¬†...",2024-01-29 03:38:19.784445
/watch?v=0nUINyEsIww&pp=ygURQ2FsIEFuZGVyc29uIFBhcms%3D,/@fox13seattle,FOX 13 Seattle,2 dead after Cal Anderson Park shooting | FOX 13 Seattle,7.3K,8 months,"Three people were shot, two of them fatally, in Seattle's Cal Anderson Park late Saturday night. Subscribe to FOX 13 Seattle:¬†...",2024-01-29 03:38:19.787236
/watch?v=9i4p4ZMgjz0&pp=ygURQ2FsIEFuZGVyc29uIFBhcms%3D,/@mohaiseattle,Museum of History & Industry (MOHAI),MOHAI Minute: Cal Anderson Park,1K,12 years,The Museum of History & Industry (MOHAI) presents a series of quickies that take you on a time-traveling journey to some of¬†...,2024-01-29 03:38:19.792282
/watch?v=OBUiWvM1MM0&pp=ygURQ2FsIEFuZGVyc29uIFBhcms%3D,/@KING5Seattle,KING 5 Seattle,"Mom of Cal Anderson Park shooting victims speaks out, seeking justice",1.7K,8 months,Terrence and Raylando Wilford were identified by the King County Medical Examiner's Office as the two men who died after being¬†...,2024-01-29 03:38:19.800365
/watch?v=xEBujWH4Aes&pp=ygURQ2FsIEFuZGVyc29uIFBhcms%3D,/@KING5Seattle,KING 5 Seattle,"2 killed, 1 injured in shooting at Seattle's Cal Anderson Park",25K,8 months,Two people are dead and another person is in critical condition after they were shot at Cal Anderson Park in Seattle Saturday¬†...,2024-01-29 03:38:19.804120
/watch?v=WsucaqwVkhk&pp=ygURQ2FsIEFuZGVyc29uIFBhcms%3D,/@komonews,KOMO News,Judge denies Cal Anderson Park resident's suit to block city's plan to remove encampment,27K,3 years,A federal judge will not stop the city from clearing out a homeless encampment at Cal Anderson Park.That ruling comes as a¬†...,2024-01-29 03:38:19.808394
/watch?v=5YUJyNWb1XE&pp=ygURQ2FsIEFuZGVyc29uIFBhcms%3D,/@KING5Seattle,KING 5 Seattle,Seattle Womxn's March rally in Cal Anderson Park,746,Streamed 5 years,Speakers take the stage at Cal Anderson Park in Seattle for the third Womxn's March rally.,2024-01-29 03:38:19.816686
/watch?v=ppazBTdpEqI&pp=ygURQ2FsIEFuZGVyc29uIFBhcms%3D,/@fox13seattle,FOX 13 Seattle,"Public safety, health concerns lead to removal of community garden removed from Cal Anderson",1.9K,1 month,Seattle Parks and Recreation has removed a community garden from Capitol Hill's Cal Anderson Park. It was planted in 2020 as¬†...,2024-01-29 03:38:19.825711
/watch?v=2-IQ6YXy-h8&pp=ygURQ2FsIEFuZGVyc29uIFBhcms%3D,/@KING5Seattle,KING 5 Seattle,Cal Anderson Park has seen a turbulent 2020,1.2K,3 years,Seattle's Cal Anderson Park has always been a meeting point for protests. But 2020 has been a particularly busy year.,2024-01-29 03:38:19.831189
/watch?v=HlyiPQz2lOY&pp=ygURQ2FsIEFuZGVyc29uIFBhcms%3D,/@KING5Seattle,KING 5 Seattle,'Riots to Revival' movement brings hundreds to Cal Anderson Park despite COVID-19 mandates,6.6K,3 years,Sean Feucht is a worship leader and political activist. He held a concert for hundreds Sunday at Seattle's Cal Anderson Park in¬†...,2024-01-29 03:38:19.835878
/watch?v=s203_TIS9Tk&pp=ygURQ2FsIEFuZGVyc29uIFBhcms%3D,/@KING5Seattle,KING 5 Seattle,Seattle police investigating deadly shooting at Cal Anderson Park,4.7K,1 year,"A man was killed in a deadly shooting at Cal Anderson Park early Saturday morning, according to the Seattle Police Department.",2024-01-29 03:38:19.839227
/watch?v=obXyzvK37FE&pp=ygURQ2FsIEFuZGVyc29uIFBhcms%3D,/@KING5Seattle,KING 5 Seattle,Seattle hires armed private security to patrol Cal Anderson Park,7.6K,3 years,Seattle Parks and Recreation has hired private security to patrol Cal Anderson Park in Capitol Hill overnight.,2024-01-29 03:38:19.842416
/watch?v=HbipyvXKkLI&pp=ygURQ2FsIEFuZGVyc29uIFBhcms%3D,/@KING5Seattle,KING 5 Seattle,Seattle police arrest 24 as crews clear homeless camp at Cal Anderson Park,27K,3 years,Seattle police began clearing a homeless camp in Cal Anderson Park Friday morning to allow the parks department to conduct¬†...,2024-01-29 03:38:19.846723
/watch?v=0lw9_0ZxFYc&pp=ygURQ2FsIEFuZGVyc29uIFBhcms%3D,/@KING5Seattle,KING 5 Seattle,Homicide suspect found dead in Seattle‚Äôs Cal Anderson Park,14K,3 years,Seattle police said a homicide suspect who barricaded himself inside a pump house in Cal Anderson Park was found dead.,2024-01-29 03:38:19.850219
/watch?v=ZFJNYBsgVXQ&pp=ygURQ2FsIEFuZGVyc29uIFBhcms%3D,/@fox13seattle,FOX 13 Seattle,Free Palestine rally held at Cal Anderson Park,1.2K,3 months,A rally is taking place in Seattle's Capitol Hill neighborhood to show support for the Palestinian people. Subscribe to FOX 13¬†...,2024-01-29 03:38:19.853232
/watch?v=Zwl2kuDd2yE&pp=ygURQ2FsIEFuZGVyc29uIFBhcms%3D,/@KING5Seattle,KING 5 Seattle,Seattle Parks test out social distancing circles at Cal Anderson Park,2.7K,3 years,The circles mowed into the grass at Capitol Hill's Cal Anderson Park are meant to create 6 feet of distance between people who¬†...,2024-01-29 03:38:19.856164
/watch?v=6_f4PhYRZRs&pp=ygURQ2FsIEFuZGVyc29uIFBhcms%3D,/@KING5Seattle,KING 5 Seattle,Fire breaks out during Cal Anderson Park cleanout,3.3K,3 years,Protesters set a fire while resisting the cleanout of a homeless encampment at Cal Anderson Park.,2024-01-29 03:38:28.190867
/watch?v=HIGNUQnfT0Q&pp=ygURQ2FsIEFuZGVyc29uIFBhcms%3D,/@KING5Seattle,KING 5 Seattle,Police begin clearing homeless camp at Seattle's Cal Anderson Park,97K,3 years,Seattle police began clearing a homeless camp in Cal Anderson Park Friday morning.,2024-01-29 03:38:28.192337
/watch?v=dkdgx1udD04&pp=ygURQ2FsIEFuZGVyc29uIFBhcms%3D,/@LaoOcean,Lao Ocean,Cal Anderson Park OPEN & UPDATED,2.3K,3 years,A stroll through Cal Anderson Park in Seattle's Capitol Hill neighborhood 5 days after it city crews removed homeless¬†...,2024-01-29 03:38:28.193703
/watch?v=gjgqwqpSsAA&pp=ygURQ2FsIEFuZGVyc29uIFBhcms%3D,/@KING5Seattle,KING 5 Seattle,BREAKING: Protesters denying Cal Anderson Park cleanup effort,6.8K,3 years,"City workers and police were supposed to move in to clear out a homeless encampment, but a group of protesters and homeless¬†...",2024-01-29 03:38:28.194969
/watch?v=pOBcruXdU3Q&pp=ygURQ2FsIEFuZGVyc29uIFBhcms%3D,/@KING5Seattle,KING 5 Seattle,New video released in case of murdered father at Seattle‚Äôs Cal Anderson park,1K,4 years,"Hakeem Salahud-din was found dead in Cal Anderson park on March 20, 2019. He had been shot in the head. Police hope newly¬†...",2024-01-29 03:38:28.196280
/watch?v=qEBdUXIXa1w&pp=ygURQ2FsIEFuZGVyc29uIFBhcms%3D,/@KING5Seattle,KING 5 Seattle,Judge to rule on allowing Seattle to clear homeless camp in Cal Anderson Park,11K,3 years,An attempt to remove people occupying Cal Anderson Park in Seattle's Capitol Hill neighborhood was met with resistance¬†...,2024-01-29 03:38:28.197622
/watch?v=a3Ryq5ZxMqE&pp=ygURQ2FsIEFuZGVyc29uIFBhcms%3D,/@SeattleCentralSCCC,Seattle Central College,A Sunny Day in Cal Anderson Park,133,7 years,"Seattleites enjoy a beautiful sunny day in Cal Anderson Park, right on the doorstep to campus. Seattle Central offers a great¬†...",2024-01-29 03:38:28.199000
/watch?v=fqnxENFwZTE&pp=ygURQ2FsIEFuZGVyc29uIFBhcms%3D,/@KING5Seattle,KING 5 Seattle,Judge denies request to stop clean up of Seattle's Cal Anderson Park,10K,3 years,A federal judge has denied a request for a temporary restraining order aimed at stopping city crews from clearing out a homeless¬†...,2024-01-29 03:38:28.200259
/watch?v=xK1g-RQaYew&pp=ygURQ2FsIEFuZGVyc29uIFBhcms%3D,/@KING5Seattle,KING 5 Seattle,Homicide investigation after woman's death at Seattle's Cal Anderson Park,5.4K,3 years,A woman died at Seattle's Cal Anderson park late Wednesday and her death is being investigated as a homicide. Seattle Police¬†...,2024-01-29 03:38:28.201546
/shorts/f9ysGvwMy8w,/@RachelWaldorf,Rachel Waldorf,Cal Anderson Park - Seattle Washington #seattle #minivlog #seattlevlog #seattlelife #seattletrip,375,1 month,Did you know Cal Anderson Park was named after Washington's first openly gay state legislator?,2024-01-29 03:38:28.202867
/watch?v=BCz187jTi5g&pp=ygURQ2FsIEFuZGVyc29uIFBhcms%3D,/@KING5Seattle,KING 5 Seattle,Seattle police arrest 10 as crews clear homeless camp at Cal Anderson Park,45K,3 years,"The city plans a ""multi-day intensive maintenance"" and cleaning operation for the park, while activists occupy a nearby vacant¬†...",2024-01-29 03:38:28.204190
/watch?v=smkKlgtkcOQ&pp=ygURQ2FsIEFuZGVyc29uIFBhcms%3D,/@WhereTheLocalsRoam,Where The Locals Roam - 4K Walks,‚òîÔ∏è Rainy Capitol Hill Neighborhood Walk + Cal Anderson Park | 4K Seattle Walking Tour,1.7K,1 year,"It's a rainy Friday afternoon and we're exploring the Capitol Hill neighborhood in Seattle, ending at Cal Anderson Park¬†...",2024-01-29 03:38:28.206180
/watch?v=SNjAtUdtR3M&pp=ygURQ2FsIEFuZGVyc29uIFBhcms%3D,/@KING5Seattle,KING 5 Seattle,LIVE AERIALS: Police clearing homeless camp at Seattle's Cal Anderson Park,20K,Streamed 3 years,Police began clearing a homeless camp in Seattle early Friday morning after a judge declined to block authorities from removing¬†...,2024-01-29 03:38:28.207426
/watch?v=iy9e6aIM4C4&pp=ygURQ2FsIEFuZGVyc29uIFBhcms%3D,/@fox13seattle,FOX 13 Seattle,Free Palestine rally held at Cal Anderson Park,3.2K,3 months,A rally in support of Palestinians drew a crowd of about 200 at Cal Anderson Park Friday evening. The ANSWER Coalition helped¬†...,2024-01-29 03:38:28.208831
/watch?v=wbvkDTO3R_g&pp=ygURQ2FsIEFuZGVyc29uIFBhcms%3D,/@KING5Seattle,KING 5 Seattle,"Unhoused Seattle woman settles with city for $10,000 over sweep of Cal Anderson Park",5.7K,2 years,A Seattle woman who claims her civil rights were violated by the city during the cleanup of Cal Anderson Park has settled with the¬†...,2024-01-29 03:38:28.210103
/watch?v=LwywS03EnjU&pp=ygURQ2FsIEFuZGVyc29uIFBhcms%3D,/@KING5Seattle,KING 5 Seattle,Community organizers vow to fight Seattle‚Äôs plan to remove BLM Garden,3.6K,3 months,"The garden, located in Cal Anderson Park on Seattle's Capitol Hill, was created by volunteers inside the Capitol Hill Organized¬†...",2024-01-29 03:38:28.211466
/watch?v=DtYi-c3Hlqs&pp=ygURQ2FsIEFuZGVyc29uIFBhcms%3D,/@komonews,KOMO News,Seattle police continue clearing out Cal Anderson Park after illegal homeless camp sweep,123K,3 years,"A day after the city removed an illegal homeless encampment, crews involved in a massive clean up at Capitol Hill's Cal Anderson¬†...",2024-01-29 03:38:28.213495
/watch?v=qgNK0vetY_8&pp=ygURQ2FsIEFuZGVyc29uIFBhcms%3D,/@kiro7,KIRO 7 News,VIDEO: Judge clears way for sweeping of Cal Anderson Park,963,3 years,... <b></b> LIVING AT CAL ANDERSON THE CITY OF SEATTLE AND PEOPLE <b></b> LIVING AT CAL ANDERSON PARK THE¬†...,2024-01-29 03:38:28.214957
/watch?v=4pi7io6PXfo&pp=ygURQ2FsIEFuZGVyc29uIFBhcms%3D,/@LaoOcean,Lao Ocean,Cal Anderson Park Update | Capitol Hill Walkthrough,20K,3 years,Protesters resist the city's efforts to remove homeless encampment at Seattle's Cal Anderson Park. People have been living at the¬†...,2024-01-29 03:38:28.216740
/watch?v=yiEUgXc4TPA&pp=ygURQ2FsIEFuZGVyc29uIFBhcms%3D,/@4kfamilyfunwalk206,4k Family Fun Walk,üá∫üá∏ Taking over by homelessness in Cal Anderson is located in Seattle's Capitol Hill neighborhood!,226,2 months,"The homeless have taken over a small area in Cal Anderson, which is located in Seattle's Capitol Hill neighborhood!",2024-01-29 03:38:28.218108
/watch?v=9l56nkNNJyU&pp=ygURQ2FsIEFuZGVyc29uIFBhcms%3D,/@LaoOcean,Lao Ocean,Capitol Hill / Cal Anderson Park Morning Stroll - Walking Seattle,3.8K,2 years,This is a narrated walking tour of Capitol Hill and Cal Anderson Park. There have been a lot of changes in this popular Seattle¬†...,2024-01-29 03:38:35.688400
/watch?v=tMhHp_U1PNc&pp=ygURQ2FsIEFuZGVyc29uIFBhcms%3D,/@choeshow,choeshow,NEVER FORGET: FINAL LOOK CAL ANDERSON PARK DRUG ENCAMPMENT,5.2K,1 month,"Before city crews cleared the BLM Garden and the encampment at Cal Anderson Park, I went in a few days ago to see what was¬†...",2024-01-29 03:38:35.689866
/watch?v=YPoW52WIr_c&pp=ygURQ2FsIEFuZGVyc29uIFBhcms%3D,/@KING5Seattle,KING 5 Seattle,Womxn's March rally kicks off at Seattle's Cal Anderson Park,334,5 years,"The third Womxn's March on Seattle is Saturday, and it kicks off a weekend of action, advocacy and activism.",2024-01-29 03:38:35.691120
/watch?v=YlV3gXAuSC8&pp=ygURQ2FsIEFuZGVyc29uIFBhcms%3D,/@WalkSignals,Walk Signals,"Walking Seattle - pandemic walk, downtown Westlake Center to Cal Anderson Park, part 3 of 3",151,3 years,"I finally get out during the pandemic. In this final leg of the walk, we walk from Westlake Center up the hill to Cal Anderson Park,¬†...",2024-01-29 03:38:35.692405
/watch?v=nUlGEj6-ALY&pp=ygURQ2FsIEFuZGVyc29uIFBhcms%3D,/@ConvergeMedia,Converge Media,Cal Anderson Park Shelter Update,339,3 years,Producers visited the Shelter to get an update from homeless and advocates. #WWConverge #SeattleProtests Support¬†...,2024-01-29 03:38:35.693608
/watch?v=Kk8rLsDcXNU&pp=ygURQ2FsIEFuZGVyc29uIFBhcms%3D,/@TeamDivaRealEstateSeattle,Team Diva Real Estate at CBBain in Seattle,Cal Anderson Condo,121,6 years,"City views from your living room will inspire you to step out and enjoy everything Capitol Hill has to offer. Restaurants, shops and¬†...",2024-01-29 03:38:35.694802
/watch?v=EZLabe0fbUA&pp=ygURQ2FsIEFuZGVyc29uIFBhcms%3D,/@LaoOcean,Lao Ocean,Seattle City Crews Clear Homeless Encampments from Cal Anderson Park,18K,3 years,"Following a federal judge declining to block authorities from removing people and tents yesterday, Seattle city crews cleared out¬†...",2024-01-29 03:38:35.696515
/watch?v=qv-LezqsRes&pp=ygURQ2FsIEFuZGVyc29uIFBhcms%3D,/@ceramicartist,Barbara Dunshee,Bicycle Polo at Cal Anderson Park Seattle,34,11 years,Bicycle Polo.,2024-01-29 03:38:35.697938
/watch?v=BHRoKpQOxbU&pp=ygURQ2FsIEFuZGVyc29uIFBhcms%3D,/@PNW4K,PNW 4K,"Walking Tour of Capitol Hill in Seattle WA USA, Plus Farmer's Market, Cal Anderson Park, July 2021",1.9K,2 years,"Capitol Hill is a neighborhood in Seattle, Washington, known for its vibrant arts and culture scene, diverse population, and central¬†...",2024-01-29 03:38:35.699833
/watch?v=UBp1QIK3XJc&pp=ygURQ2FsIEFuZGVyc29uIFBhcms%3D,/@KING5Seattle,KING 5 Seattle,Vigil held for victim of deadly stabbing near Cal Anderson Park,325,4 years,The 25-year-old mother was stabbed to death last Saturday.,2024-01-29 03:38:35.701075
/watch?v=f_G0UigHIvg&pp=ygURQ2FsIEFuZGVyc29uIFBhcms%3D,/@TeamDivaRealEstateSeattle,Team Diva Real Estate at CBBain in Seattle,Capitol Hill's Micro Hood | Cal Anderson Park,102,9 years,Join Team Diva as we explore one of our favorite Capitol Hill micro-hoods Cal Anderson Park. Team members Chavi M. Hohm¬†...,2024-01-29 03:38:35.702319
/watch?v=cDQvTipZHHo&pp=ygURQ2FsIEFuZGVyc29uIFBhcms%3D,/@LaoOcean,Lao Ocean,Clean Up At Former CHOP Zone | Cal Anderson Park Update,7.3K,3 years,CalAnderson #CHOP #Seattle This is a walkthrough video showing how Cal Anderson Park and the former CHOP protest zone¬†...,2024-01-29 03:38:35.703573
/watch?v=yr9rXU3GD28&pp=ygURQ2FsIEFuZGVyc29uIFBhcms%3D,/@ConvergeMedia,Converge Media,Parks Department on The Future of Cal Anderson,78,3 years,Interview with Andy Sheffer & Rico Quirindongo of the Parks Department #WWConverge #SeattleProtests Support independent¬†...,2024-01-29 03:38:35.706288
/watch?v=0MbY3iprN_A&pp=ygURQ2FsIEFuZGVyc29uIFBhcms%3D,/@WhereTheLocalsRoam,Where The Locals Roam - 4K Walks,Broadway in Capitol Hill + Cal Anderson Park | 4K Seattle Walking Tour,360,1 year,"Take an afternoon stroll down Broadway in Seattle's Capitol Hill neighborhood, ending at Cal Anderson Park. Filmed 1/16/22 at¬†...",2024-01-29 03:38:35.708570
/watch?v=0txbGCh7sd8&pp=ygURQ2FsIEFuZGVyc29uIFBhcms%3D,/@djhanskim,Hans Kim,Stroll Through the former CHOP/CHAZ - Cal Anderson Park - Seattle,118,3 years,A look around the beautiful park and the beautiful people of Seattle. Let's check it out!,2024-01-29 03:38:35.710394
/watch?v=H_Vvrnr12XY&pp=ygURQ2FsIEFuZGVyc29uIFBhcms%3D,/@DodgeballSeattle,Dodgeball Seattle,Seattle Street Dodgeball at Cal Anderson Park - November 2021,98,2 years,"""Passion is a beautiful thing. Big Dan Gregory displays when he takes over the camera and gets in your chaos. You'll hear some¬†...",2024-01-29 03:38:35.711814
/watch?v=_YYQ58JEwL4&pp=ygURQ2FsIEFuZGVyc29uIFBhcms%3D,/@LaoOcean,Lao Ocean,Walking Seattle / Capitol Hill + Cal Anderson Park Walking Tour / Early Fall  - Late September 2021,1.5K,2 years,This is a walking tour video of Seattle's Capitol Hill and Cal Anderson Park on the last Saturday of September 2021. This is what¬†...,2024-01-29 03:38:35.713797
/watch?v=y48xcajJ1R4&pp=ygURQ2FsIEFuZGVyc29uIFBhcms%3D,/@ModularSeattle,Modular Seattle,"Modular on the Spot: Cal Anderson Park - June 15, 2019",83,3 years,A recording of a Modular on the Spot event at Patchwerks in Seattle. Catch us live at https://www.twitch.tv/modularseattle. Website¬†...,2024-01-29 03:38:35.715082
/watch?v=wHieAyXHb_E&pp=ygURQ2FsIEFuZGVyc29uIFBhcms%3D,/@komonews,KOMO News,"WATCH: Seattle police, clean up crews clear homeless campers from Cal Anderson Park",174K,3 years,Watch the KOMO Air 4 coverage over Cal Anderson Park as the Seattle police cleared out a large homeless camp from early¬†...,2024-01-29 03:38:35.716439
/watch?v=eUbaYi3ZX8M&pp=ygURQ2FsIEFuZGVyc29uIFBhcms%3D,/@CallieCEntertainment,Callie C,"Seattle, Cal Anderson park (got munchies?)",71,3 years,Broadcasted live on Twitch -- Watch live at https://www.twitch.tv/calli_c.,2024-01-29 03:38:44.759644
/watch?v=MshskE2wvg0&pp=ygURQ2FsIEFuZGVyc29uIFBhcms%3D,/@balconybridge4585,Balcony Bridge,Balcony Bridge- New Jams (Live @ Cal Anderson Park),81,1 year,"We spent a Saturday afternoon coming up with new ideas for songs at Cal Anderson Park on June 4th, 2022 The rain held off until¬†...",2024-01-29 03:38:44.762304
/watch?v=IeoBSaweLHI&pp=ygURQ2FsIEFuZGVyc29uIFBhcms%3D,/@a7xfanben,Pirates CSG,"Epic Scale with Bowen brothers at Cal Anderson Park in Seattle | October 15th, 2022",132,1 year,~~~~~ Pirates Constructible Strategy Game My fansite: https://pirateswithben.com/ Join the Forum:¬†...,2024-01-29 03:38:44.763869
/watch?v=SsHbFoxHX3U&pp=ygURQ2FsIEFuZGVyc29uIFBhcms%3D,/@CallieCEntertainment,Callie C,"Seattle, Cal Anderson park (got munchies?)",51,3 years,Broadcasted live on Twitch -- Watch live at https://www.twitch.tv/calli_c.,2024-01-29 03:38:44.765126
/watch?v=hVWLXxJw-YM&pp=ygURQ2FsIEFuZGVyc29uIFBhcms%3D,/@naturemanmike,Nature Man Mike,Birding with Chris Errington at Millennium Park,No,5 hours,"Birding with Chris Errington aka ""Photo Chris"" at Millennium Park in West Roxbury, Massachusetts. I put up a post to do YouTube¬†...",2024-01-29 03:38:44.766394
/watch?v=xNdsC7FZL3c&pp=ygURQ2FsIEFuZGVyc29uIFBhcms%3D,/@KING5Seattle,KING 5 Seattle,Seattle PD launches training program focused on building community relationships,1.6K,1 year,"A training program within the Seattle Police Department is focusing on building relationships within the community, before law¬†...",2024-01-29 03:38:44.767682
/watch?v=6LqQ4VzW6NA&pp=ygURQ2FsIEFuZGVyc29uIFBhcms%3D,/@TimGloAdventures,TimGloAdventures,"Seattle Vlog: Cal Anderson Park, Dough Zone!",793,5 years,"www.instagram.com/timandglo June 13-14, 2018 MUSIC: Pure Soul by DJ Quads Song: Dj Quads - Pure Soul (Vlog No Copyright¬†...",2024-01-29 03:38:44.770055
/watch?v=AVQ_Hh7BJ8Q&pp=ygURQ2FsIEFuZGVyc29uIFBhcms%3D,/@4kfamilyfunwalk206,4k Family Fun Walk,"4k Walk üá∫üá∏ through big crowds in Seattle Capitol Hill at Cal Anderson Park, Saturday May 15th 2022.",231,1 year,Saturday May 14th 12:30pm walk through Cal Anderson Park at Capitol Hill Broadway Seattle Washington USA. more info:¬†...,2024-01-29 03:38:44.771388
/watch?v=bn8GW9Qrml8&pp=ygURQ2FsIEFuZGVyc29uIFBhcms%3D,/@beardedbarista,PNW.Photographer,Spitballin' Seattle - Cal Anderson Park,197,6 years,"Seattle residents give their two cents on local issues. In this episode, the topics are Safe Consumption Sites and Pike/Pine¬†...",2024-01-29 03:38:44.772638
/watch?v=vqpLagSLi1k&pp=ygURQ2FsIEFuZGVyc29uIFBhcms%3D,/@CallieCEntertainment,Callie C,"Seattle, Cal Anderson park (got munchies?)",13,3 years,Broadcasted live on Twitch -- Watch live at https://www.twitch.tv/calli_c.,2024-01-29 03:38:44.773920
/watch?v=ATXyxvEwO3g&pp=ygURQ2FsIEFuZGVyc29uIFBhcms%3D,/@choeshow,choeshow,FAR-LEFT ACTIVISTS STRIKE: Cal Anderson Park vandalized over BLM Garden Beef #Seattle,1.5K,3 months,"Neighbors say late Friday night, protesters vandalized Seattle's Cal Anderson Park to send a message. They're trying to preserve¬†...",2024-01-29 03:38:44.775157
/watch?v=pDMFGlc0Geo&pp=ygURQ2FsIEFuZGVyc29uIFBhcms%3D,/@kironewsradio,KIRO Newsradio 97.3 FM,KIRO Radio Rundown: The sweep of Seattle's Cal Anderson Park,54,3 years,"Cal Anderson Park transformed into an unsanctioned homeless encampment in recent months, and the city planned to clear it this¬†...",2024-01-29 03:38:44.776344
/watch?v=iKlHzChreco&pp=ygURQ2FsIEFuZGVyc29uIFBhcms%3D,/@CallieCEntertainment,Callie C,"Highlight: Seattle, Cal Anderson park (got munchies?) Police on parade!!",31,3 years,Cops drive around Cal Anderson Park in Seattle...because...fun? -- Watch live at https://www.twitch.tv/calli_c.,2024-01-29 03:38:44.777597
/watch?v=kQVJXvKi7x4&pp=ygURQ2FsIEFuZGVyc29uIFBhcms%3D,/@NAIFA,NAIFA,Cal Anderson Receives NAIFA's 2021 4 Under 40 Award,11,2 years,Lawerence Holzberg presents Cal Anderson with the National Association of Insurance and Financial Advisors' 2021 4 Under 40¬†...,2024-01-29 03:38:44.778857
/watch?v=nB55vZo7Z2Y&pp=ygURQ2FsIEFuZGVyc29uIFBhcms%3D,/@choeshow,choeshow,CAL ANDERSON PARK HOMELESS ENCAMPMENT TAKEOVER #Seattle #Homeless,2.5K,2 months,FULL BLOWN TAKEOVER: FAR-LEFT activists are still protecting the Black Lives Memorial Garden at Cal Anderson Park.,2024-01-29 03:38:44.780118
/watch?v=eYQ1z8NFOfk&pp=ygURQ2FsIEFuZGVyc29uIFBhcms%3D,/@KING5Seattle,KING 5 Seattle,City crews facing resistance while trying to clear out homeless encampment,4.6K,3 years,A homeless encampment in Seattle's Cal Anderson Park is due to be cleared Wednesday morning. But crews are facing push¬†...,2024-01-29 03:38:44.781552
/watch?v=tdxBz6t5QHY&pp=ygURQ2FsIEFuZGVyc29uIFBhcms%3D,/@ConvergeMedia,Converge Media,LIve from Cal Anderson Sweep,1K,Streamed 3 years,WWConverge Support independent journalism: Venmo - @ConvergeMedia CashApp - $ConvergeMedia PayPal¬†...,2024-01-29 03:38:44.782953
/watch?v=n-dKrg4F3oA&pp=ygURQ2FsIEFuZGVyc29uIFBhcms%3D,/@FOADGang,FOAD Gang,Footplants At Cal Anderson,851,11 years,Jackson Bradshaw and Connor Cook dickin around with footplants at Cal Anderson Park.,2024-01-29 03:38:44.784257
/watch?v=MrGAC8BuL5s&pp=ygURQ2FsIEFuZGVyc29uIFBhcms%3D,/@KeithRowley,Keith Rowley,Playing at Cal Anderson Park,18,8 years,Help us caption & translate this video! http://amara.org/v/GsYm/,2024-01-29 03:38:44.785434
/watch?v=Y31YAx1zTjg&pp=ygUIQ2FwIEhpbGw%3D,/@ABCNews,ABC News,Protesters on Capitol Hill call for Gaza ceasefire,756K,3 months,U.S. Capitol Police say demonstrations are not allowed inside Congressional buildings and are working to clear the crowd as¬†...,2024-01-29 03:39:00.892525
/watch?v=x6tNHxnQTak&pp=ygUIQ2FwIEhpbGw%3D,/@msnbc,MSNBC,Hunter Biden appears on Capitol Hill during contempt of Congress hearings,156K,2 weeks,Hunter Biden made a surprise appearance on Capitol Hill while the House Oversight Committee and the House Judiciary¬†...,2024-01-29 03:39:00.902902
/watch?v=6Cuxv8c0b9Q&pp=ygUIQ2FwIEhpbGw%3D,/@msnbc,MSNBC,Protesters on Capitol Hill call for Gaza ceasefire,194K,3 months,NBC News' Julie Tsirkin reports from Capitol Hill where protesters are staging a demonstration to call for a ceasefire in Gaza.,2024-01-29 03:39:00.904986
/watch?v=tE3LmUtK7HA&pp=ygUIQ2FwIEhpbGw%3D,/@MannyExploresVlog,Manny Explores,"Exploring Seattle - Exploring Capitol Hill | Seattle, Washington",9.1K,1 year,"Exploring Seattle, Capitol Hill, Exploring Capitol Hill, Seattle Walking Tour, Walking Seattle, Washington In this video I explore¬†...",2024-01-29 03:39:00.906900
/watch?v=cGwJWiqTDKM&pp=ygUIQ2FwIEhpbGw%3D,/@CBSNews,CBS News,Fighting words escalate on Capitol Hill,32K,2 months,"Two fiery exchanges on Capitol Hill Tuesday are exposing frayed nerves among lawmakers in Washington D.C. Claudia Grisales,¬†...",2024-01-29 03:39:00.908913
/watch?v=TK68ffBF9IM&pp=ygUIQ2FwIEhpbGw%3D,/@TODAY,TODAY,Inside The ‚ÄòAutonomous Zone‚Äô In Seattle‚Äôs Capitol Hill | TODAY,279K,3 years,"About: TODAY brings you the latest headlines and expert tips on money, health and parenting. We wake up every morning to give¬†...",2024-01-29 03:39:00.910714
/watch?v=WZni1VBVD-k&pp=ygUIQ2FwIEhpbGw%3D,/@komonews,KOMO News,"3 years since CHOP: Seattle's Capitol Hill still bears the scars of 2020 protests, occupation",18K,6 months,"Three years ago this week, the Capitol Hill Organized Protest, also known as CHOP, was dismantled. Yet, the scars in this¬†...",2024-01-29 03:39:00.924272
/watch?v=NmfS0U-sHUo&pp=ygUIQ2FwIEhpbGw%3D,/@thehill,The Hill,FIGHT CLUB On Cap Hill?! Sen Mullin CHALLENGES TEAMSTER To A Fight: 'WANNA GO?!',15K,2 months,Briahna Joy Gray and Robby Soave react to Sen. Markwayne Mullin (R-Okla.) challenging Teamsters' President Sean O'Brien to¬†...,2024-01-29 03:39:00.926369
/watch?v=00N2to4aCBM&pp=ygUIQ2FwIEhpbGw%3D,/@fox5dc,FOX 5 Washington DC,Multiple arrested at pro-Palestinian protests on Capitol Hill,222K,3 months,Jewish Voice for Peace member Malkah Bird says protestors at the Capitol are calling for an immediate ceasefire in Gaza.,2024-01-29 03:39:00.929302
/watch?v=0GywpkRlrxE&pp=ygUIQ2FwIEhpbGw%3D,/@ahomeinSeattle,a home in Seattle,Seattle neighborhood tour: Capitol Hill,2.5K,10 months,Bye!,2024-01-29 03:39:00.938101
/watch?v=H_QtE5S7eLo&pp=ygUIQ2FwIEhpbGw%3D,/@ActionKid,ActionKid,Seattle's Lively Neighborhood : Capitol Hill Walk in April 2023,35K,8 months,"Capitol Hill is a neighborhood in Seattle, Washington, located just east of the city's downtown core. It is known for its diverse¬†...",2024-01-29 03:39:00.941938
/watch?v=auplZzhrmaY&pp=ygUIQ2FwIEhpbGw%3D,/@fox5dc,FOX 5 Washington DC,Pro-Palestinian protesters gather inside Cannon Rotunda at Capitol Hill,7.1K,3 months,A large group of pro-Palestinian protesters demonstrate inside the Cannon Rotunda. FOX 5's DMV Zone takes you behind the¬†...,2024-01-29 03:39:00.943785
/watch?v=VKqhhSBKi-E&pp=ygUIQ2FwIEhpbGw%3D,/@StateDept,U.S. Department of State,Secretary Blinken testifies before the Senate Committee on Appropriations on Capitol Hill,2.9K,2 months,Secretary of State Antony J. Blinken testifies before the Senate Committee on Appropriations on ‚ÄúA Review of the National¬†...,2024-01-29 03:39:00.955168
/watch?v=CPJH4R0NfPk&pp=ygUIQ2FwIEhpbGw%3D,/@msnbc,MSNBC,Donald Trump's hold on GOP from campaign trail to Capitol Hill,55K,5 hours,"Molly Jong-Fast, Michael Steele, and Luke Broadwater join Jonathan Capehart to discuss Donald Trump's efforts to derail the¬†...",2024-01-29 03:39:00.957128
/watch?v=ay5h5dq14mM&pp=ygUIQ2FwIEhpbGw%3D,/@KING5Seattle,KING 5 Seattle,Inside Seattle's 'Autonomous Zone'. No police allowed.,904K,3 years,"Protesters have occupied an entire city block of the Capitol Hill Neighborhood, including a police station. They started out calling it¬†...",2024-01-29 03:39:00.959019
/watch?v=1gFV3tykSeg&pp=ygUIQ2FwIEhpbGw%3D,/@fox5dc,FOX 5 Washington DC,Pro-Palestinian protest underway at Cannon Rotunda on Capitol Hill; USCP detains some demonstrators,14K,Streamed 3 months,A large group of pro-Palestinian protesters are demonstrating inside the Cannon Rotunda at the Capitol. READ MORE:¬†...,2024-01-29 03:39:00.960830
/watch?v=LReGtBtyYNg&pp=ygUIQ2FwIEhpbGw%3D,/@CoffeeWithColeman,Coffee With Coleman,Best Neighborhoods in DC üèÜ - Life on Capitol Hill üá∫üá∏,12K,2 years,"If you've thought about moving to Capitol Hill in Washington, DC then this video can help you know what life is really like.",2024-01-29 03:39:00.969823
/watch?v=xRHgZqGzG7M&pp=ygUIQ2FwIEhpbGw%3D,/@fox13seattle,FOX 13 Seattle,Capitol Hill Starbucks closing | FOX 13 Seattle,5.9K,1 year,Friday is the last day the Starbucks on Capitol Hill at Broadway and Denny will be open for business. Subscribe to FOX 13 Seattle:¬†...,2024-01-29 03:39:00.971838
/watch?v=HUodllJh_SI&pp=ygUIQ2FwIEhpbGw%3D,/@NBCNews,NBC News,‚ÄòTurmoil‚Äô on Capitol Hill after short-term funding bill fails in the House.,90K,3 months,A stop-gap funding bill failed in the House as the shutdown deadline looms. NBC News Capitol Hill Correspondent Ryan Nobles¬†...,2024-01-29 03:39:00.973730
/watch?v=htybkuZ_7mU&pp=ygUIQ2FwIEhpbGw%3D,/@LivinginSeattleWashington,Living in Seattle Washington,Living in Capitol Hill Seattle [Full Vlog Tour],6.4K,4 years,This is the BEST video about Living in Capitol Hill Seattle and Tour of Seattle Neighborhoods! Such a great neighborhood in¬†...,2024-01-29 03:39:00.982719
/watch?v=00X6WIb6gJY&pp=ygUIQ2FwIEhpbGw%3D,/@welcometodenver,Welcome To Denver CO,Virtual tour of Capitol Hill Denver - One of the Best Neighborhoods in Denver!,4.7K,2 years,Virtual tour of Capitol Hill Denver - One of the Best Neighborhoods in Denver! Today we're looking at the Capitol Hill¬†...,2024-01-29 03:39:07.875768
/watch?v=tgPPC5GtfzM&pp=ygUIQ2FwIEhpbGw%3D,/@thehill,The Hill,"Hunter Biden SPEAKS On Capitol Hill, DENIES GOP Subpoena: Rising",35K,1 month,Founder of the Future Caucus Steven Olikara weighs in on Hunter Biden's appearance on Capitol Hill. #joebiden About Rising:¬†...,2024-01-29 03:39:07.879502
/watch?v=wljA93IemZ8&pp=ygUIQ2FwIEhpbGw%3D,/@LivinginSeattleWashington,Living in Seattle Washington,Seattle Neighborhoods Explained: Capitol Hill VLOG 2023,803,8 months,"Are you thinking of moving to Capitol Hill, Washington and want to know all about the neighborhoods in Capitol Hill, Washington?",2024-01-29 03:39:07.882622
/watch?v=fpzAwIgU34U&pp=ygUIQ2FwIEhpbGw%3D,/@LaoOcean,Lao Ocean,"Is Seattle A Walkable City? | Capitol Hill Walking Tour | Saturday Morning July 29, 2023 ‚òÄÔ∏è‚òïÔ∏èüö∂üèª‚Äç‚ôÇÔ∏è",3.8K,5 months,Is Seattle a walkable city? I attempt to answer this question and share some insight after a cup of coffee at Tailwind Cafe at¬†...,2024-01-29 03:39:07.885571
/watch?v=L8L6h-RJ44Q&pp=ygUIQ2FwIEhpbGw%3D,/@UrbanistExploringCities,Urbanist: Exploring Cities,Exploring Seattle's Capitol Hill and its Best Food,7.3K,Streamed 1 year,**MY GEAR (affiliate links)** Live Streams: iPhone 11 Pro Max: https://amzn.to/3h97nRD DJI OSMO Mobile 4 (gimbal):¬†...,2024-01-29 03:39:07.891276
/watch?v=krgZ4X7tK2g&pp=ygUIQ2FwIEhpbGw%3D,/@KING5Seattle,KING 5 Seattle,Seattle's 'Capitol Hill Organized Protest' makes national headlines amid differing views and names,62K,3 years,"The area around Seattle's 12th and Pine is known as the CHOP, or ""Capitol Hill Organized Protest.",2024-01-29 03:39:07.896238
/watch?v=ZUcrJvfRt80&pp=ygUIQ2FwIEhpbGw%3D,/@CityandCountyDenver,The City of Denver,Denver History Minute - Capitol Hill Neighborhood,7K,10 years,The development f Denver's historic Capitol Hill Neighborhood.,2024-01-29 03:39:07.899717
/watch?v=yt3crWYEAkQ&pp=ygUIQ2FwIEhpbGw%3D,/@universityofwashington,UW (University of Washington),"Just off the Rail, Ep. I: Capitol Hill",1.6K,5 years,Living on or near campus opens up all kinds of sightseeing opportunities. Check out what's waiting for you Huskies in Capitol Hill¬†...,2024-01-29 03:39:07.903991
/watch?v=YuG9l4-K5yk&pp=ygUIQ2FwIEhpbGw%3D,/@APArchive,AP Archive,Cap. Hill officers demand action in riot hearing,193,2 years,(27 Jul 2021) FOR CLEAN VERSION SEE STORY NUMBER: 4337133 The Chairman of the House committee on the Jan.,2024-01-29 03:39:07.913167
/watch?v=qWtE__rgQ-A&pp=ygUIQ2FwIEhpbGw%3D,/@LivingandmovingtoSeattle,Living and Moving to Seattle Washington,A Quick Capitol Hill Neighborhood Tour - Seattle Washington,4K,1 year,Let's take a quick Capitol Hill Neighborhood Tour! Moving to Seattle Washington? You have to consider Capitol Hill! All-time¬†...,2024-01-29 03:39:07.916717
/watch?v=dKuiIfAetLw&pp=ygUIQ2FwIEhpbGw%3D,/@seattleuniversity,Seattle University,Beyond Seattle U   Capitol Hill,5.3K,5 years,"""So my favorite place in Cap Hill would be a Caffe Vita and I like to go there on Sundays because there's just a bunch of good¬†...",2024-01-29 03:39:07.928311
/watch?v=hYlb06pLBMc&pp=ygUIQ2FwIEhpbGw%3D,/@guardiannews,Guardian News,"Inside Chaz, Seattle's police-free zone: 'We're proving the world can change'",607K,3 years,The Capitol Hill Autonomous Zone (otherwise known as Chaz or Chop) was established by George Floyd protestors after the¬†...,2024-01-29 03:39:07.931854
/watch?v=LACxzy5Qw7M&pp=ygUIQ2FwIEhpbGw%3D,/@AssociatedPress,Associated Press,More Cap. Hill Sexual Harassment Cases Revealed,709,6 years,Stories of sexual harassment and gender hostility are coming to light at a hearing on preventing sexual harassment on Capitol Hill¬†...,2024-01-29 03:39:07.935190
/watch?v=AorbkS2tlU4&pp=ygUIQ2FwIEhpbGw%3D,/@fox13seattle,FOX 13 Seattle,'Skate like a Girl' returns to Cap Hill Block Party,426,6 months,"This weekend the Capitol Hill Block Party returns to Seattle. The three-day festival will feature dozens of artists, but on top of the¬†...",2024-01-29 03:39:07.941275
/watch?v=d8oKROVbmS8&pp=ygUIQ2FwIEhpbGw%3D,/@visitdenver,VISIT DENVER,Denver Neighborhoods: Capitol Hill/Golden Triangle,6.8K,5 years,"This neighborhood offers a vibrant mix of arts, culture and Colorado history. Explore the gold-domed Colorado State Capitol with¬†...",2024-01-29 03:39:07.945565
/watch?v=66o5LRgmwnM&pp=ygUIQ2FwIEhpbGw%3D,/@CBSNews,CBS News,Why did Hunter Biden make a surprise appearance on Capitol Hill?,30K,2 weeks,"Hunter Biden, President Biden's son, showed up to a House Oversight Committee meeting Wednesday as Republicans move¬†...",2024-01-29 03:39:07.948645
/watch?v=-IOfqqf7zic&pp=ygUIQ2FwIEhpbGw%3D,/@AssociatedPress,Associated Press,Police: Cap Hill Shooting an Isolated Incident,9.2K,10 years,"The Associated Press is the essential global news network, delivering fast, unbiased news from every corner of the world to all¬†...",2024-01-29 03:39:07.951736
/watch?v=oHYDlxebQsM&pp=ygUIQ2FwIEhpbGw%3D,/@Denver7,Denver7,Historic walking tour of Denver's Capitol Hill,4.7K,8 years,"Walking tour of Denver's Capitol Hill mansions focuses on architecture, history and high society Capitol Hill tour highlights beauty¬†...",2024-01-29 03:39:07.955943
/watch?v=TAPfy6rrR-A&pp=ygUIQ2FwIEhpbGw%3D,/@APArchive,AP Archive,More Cap. Hill Sexual Harassment Cases Revealed,51,6 years,(14 Nov 2017) A Republican congresswoman says she was recently told by a trusted source that a member of Congress exposed¬†...,2024-01-29 03:39:07.959374
/watch?v=7FWcIHKBHAE&pp=ygUIQ2FwIEhpbGw%3D,/@CNN,CNN,CAP HILL WEST FRONT TIMELAPSE,41,7 years,"Available in HD. HD FOOTAGE // FIELD DISK // Timelapse shot of the 3rd street side of National Mall, shooting over the Capitol¬†...",2024-01-29 03:39:18.409092
/watch?v=oeWFtWuUyhI&pp=ygUIQ2FwIEhpbGw%3D,/@fox13seattle,FOX 13 Seattle,2 people shot in Seattle's Cap Hill neighborhood | FOX 13 Seattle,1.4K,4 months,Two people were injured in shootings that happened within a two-hour window in Seattle's Capitol Hill neighborhood early¬†...,2024-01-29 03:39:18.411704
/watch?v=vrdM2JyCDNA&pp=ygUIQ2FwIEhpbGw%3D,/@Denver7,Denver7,"Power problems plague Cap Hill apartment, management closes door on solutions",190,4 years,A renter in Denver's Capitol Hill neighborhood says he has to deal with persistent power outages from things like using the¬†...,2024-01-29 03:39:18.415493
/watch?v=i6dov9rqJkE&pp=ygUIQ2FwIEhpbGw%3D,/@DemocracyNow,Democracy Now!,"‚ÄúMovements Work‚Äù: As Activists Occupy Seattle‚Äôs Capitol Hill, City Bans Tear Gas, Expels Cop Union",30K,3 years,"In Seattle, the fight to demilitarize and defund the police continues as the King County Labor Council voted to expel the Seattle¬†...",2024-01-29 03:39:18.417546
/watch?v=jp34QnPMxZA&pp=ygUIQ2FwIEhpbGw%3D,/@G_Gatto,G Gatto,Seattle Food Tour CAPITOL HILL (Where to eat in Cap Hill),1.5K,1 year,"I am back with another Seattle Food tour! This time I am sticking to the Capitol Hill neighborhood or as it is commonly referred to,¬†...",2024-01-29 03:39:18.420683
/watch?v=tu0-II7D8wA&pp=ygUIQ2FwIEhpbGw%3D,/@SomewhereInColorado,Somewhere in Colorado,Capitol Hill Denver CO [FULL NEIGHBORHOOD TOUR],6.2K,3 years,"Capitol Hill Denver At the center of the city, Capitol Hill is an awesome Denver Neighborhood. It boasts great music venues,¬†...",2024-01-29 03:39:18.425232
/watch?v=ZU-9zc9_ERA&pp=ygUIQ2FwIEhpbGw%3D,/@fox13seattle,FOX 13 Seattle,Shooting in Seattle's Capitol Hill leaves man in critical condition,2.1K,2 years,A man was critically injured in an early morning shooting Tuesday in Seattle's Capitol Hill neighborhood. Subscribe to Q13 FOX:¬†...,2024-01-29 03:39:18.428704
/watch?v=GLlF1jKYndY&pp=ygUIQ2FwIEhpbGw%3D,/@foodloverasian143,foodloverasian,"Eat and walk around Capitol Hill, Seattle, Washington, Private Tour 2023",808,9 months,"Exploring Capitol Hill, Seattle, Washington. Finding new places to eat and walk around the area. Bai Tong Thai Street Cafe¬†...",2024-01-29 03:39:18.432639
/watch?v=FxxPdfMmR6o&pp=ygUIQ2FwIEhpbGw%3D,/@APArchive,AP Archive,Ex-FBI Director Comey arrives for Cap Hill hearing,250,5 years,(7 Dec 2018) Ex-FBI Director James Comey has arrived for a hearing before lawmakers on Capitol Hill. Comey reached a deal to¬†...,2024-01-29 03:39:18.436152
/watch?v=x_tNNIodKUU&pp=ygUIQ2FwIEhpbGw%3D,/@nowthisnews,NowThis News,Seattle Protesters Create 'Police-Free' Capitol Hill Autonomous Zone | NowThis,127K,3 years,This is how BLM protesters were able to set up a 'police-free' zone amid ongoing Black Lives Matter protests sparked by the¬†...,2024-01-29 03:39:18.439469
/watch?v=dOWD2hYlaio&pp=ygUIQ2FwIEhpbGw%3D,/@CoffeeWithColeman,Coffee With Coleman,"Learn About the Capitol Hill Neighborhood in Washington, DC",1.5K,4 years,We created this video to highlight some of the history of Capitol Hill and why people love to live here. If you ever have any¬†...,2024-01-29 03:39:18.442451
/watch?v=wwEtLiJKWBE&pp=ygUIQ2FwIEhpbGw%3D,/@ABCNews,ABC News,DC mayor holds press conference on Capitol Hill siege,57K,3 years,"Mayor Muriel Bowser, Chief of Metro Police Robert J. Contee III, and Secretary of the Army Ryan McCarthy address Capitol Hill¬†...",2024-01-29 03:39:18.445497
/watch?v=nzHwMHrCgsE&pp=ygUIQ2FwIEhpbGw%3D,/@AmandaFelixEats,Amanda & Felix Eats,"WHAT TO EAT IN SEATTLE! || Starbucks Roastery, Chewy Noodles, and Famous Ice cream in Capitol Hill",34K,11 months,"ALOHA   We took you along on a Seattle Food tour in the Capitol Hill, Washington area home to the Starbucks Reserve Roastery,¬†...",2024-01-29 03:39:18.448392
/watch?v=1wlP3DP-F7A&pp=ygUIQ2FwIEhpbGw%3D,/@KING5Seattle,KING 5 Seattle,Over 50 shots fired outside Capitol Hill nightclub,9.5K,1 year,At least one man was injured after more than 50 gunshots were fired outside a Capitol Hill nightclub early Sunday morning.,2024-01-29 03:39:18.451167
/watch?v=IfxrY-Hy5iA&pp=ygUIQ2FwIEhpbGw%3D,/@APArchive,AP Archive,Ex-FBI Director Comey arrives for Cap Hill hearing,218,5 years,(7 Dec 2018) Ex-FBI Director James Comey has arrived for a hearing before lawmakers on Capitol Hill. Comey reached a deal to¬†...,2024-01-29 03:39:18.454037
/watch?v=1-qVgGLlTgs&pp=ygUIQ2FwIEhpbGw%3D,/@KatieKH1,Katie KH,SHOULD YOU VISIT CAP HILL SEATTLE? Walk with me Seattle,7.4K,2 years,Should you visit Cap Hill Seattle? #capitolhillseattle #seattleyoutuber #seattlewalkingtour Watch my last neighborhood video!,2024-01-29 03:39:18.458158
/watch?v=QICZqdyuJqw&pp=ygUIQ2FwIEhpbGw%3D,/@9news,9NEWS,"As Capitol Hill homeless camp grows, homeowners say they are worried about safety",3.1K,3 years,"The city deemed a camp around Washington Street and 13th Avenue unsafe and unclean, so the camp was pushed out and the¬†...",2024-01-29 03:39:18.461524
/watch?v=P4zW4kr8xfY&pp=ygUIQ2FwIEhpbGw%3D,/@fox13seattle,FOX 13 Seattle,Local artist talks Capitol Hill Block Party,446,6 months,"Capitol Hill Block Party's 25th anniversary is happening this weekend! Joining Good Day Seattle, local artist Avery Cochrane with¬†...",2024-01-29 03:39:18.464602
/watch?v=fAsJZIScOXU&pp=ygUIQ2FwIEhpbGw%3D,/@NBCNews,NBC News,Sexual Harassment Scandals: Is Capitol Hill Next? | NBC Nightly News,1.2K,6 years,"NBC News is a leading source of global news and information. Here you will find clips from NBC Nightly News, Meet The Press,¬†...",2024-01-29 03:39:18.467868
/watch?v=cusol8IRXTE&pp=ygUIQ2FwIEhpbGw%3D,/@GCC_CapHill,Grace Covenant Church Capitol Hill,Capitol Hill Sunday Service,115,Streamed 2 months,Capitol Hill Sunday Service.,2024-01-29 03:39:18.471551
/watch?v=bN8PbC3kMvw&pp=ygUIQ2FwIEhpbGw%3D,/@POLITICO,POLITICO,‚ÄòI‚Äôve made mistakes‚Äô: Hunter Biden speaks on Capitol Hill,2.1K,1 month,Hunter Biden speaks on Capitol Hill at short press conference to address controversy surrounding him.,2024-01-29 03:39:26.575637
/watch?v=zheUHArpLhU&pp=ygUIQ2FwIEhpbGw%3D,/@msnbc,MSNBC,Biden Ends Trump Abortion Policy And Pushes Covid Aid On Cap Hill | The 11th Hour | MSNBC,24K,2 years,"On his ninth day in office, Pres. Biden has shifted to expanding Obamacare and ending some Trump abortion restrictions while¬†...",2024-01-29 03:39:26.578262
/watch?v=GoAhFTv4_GY&pp=ygUIQ2FwIEhpbGw%3D,/@Denver7,Denver7,Neighbors react to mock homeless camp on display in North Cap Hill,1.5K,3 years,Residents living in the city's North Capitol Hill neighborhood are reacting to a mock homeless camp on display in a church parking¬†...,2024-01-29 03:39:26.581555
/watch?v=-QjK_Jy4pns&pp=ygUIQ2FwIEhpbGw%3D,/@GCC_CapHill,Grace Covenant Church Capitol Hill,Capitol Hill Sunday Service,104,Streamed 2 weeks,Capitol Hill Sunday Service.,2024-01-29 03:39:26.583386
/watch?v=aeO51yMtuPE&pp=ygUIQ2FwIEhpbGw%3D,/@GCC_CapHill,Grace Covenant Church Capitol Hill,Capitol Hill Sunday Service,117,Streamed 2 months,Capitol Hill Sunday Service.,2024-01-29 03:39:26.584769
/watch?v=WcvPIWgC9Hw&pp=ygUIQ2FwIEhpbGw%3D,/@AssociatedPress,Associated Press,Cap. Hill officer's killing revives Jan 6th trauma,771,2 years,A Capitol Police officer was killed Friday after a man rammed a car into two officers at a barricade. It was the second line-of-duty¬†...,2024-01-29 03:39:26.586170
/watch?v=2xgVPbkRb6I&pp=ygUIQ2FwIEhpbGw%3D,/@KING5Seattle,KING 5 Seattle,Capitol Hill 'gun battle' investigation continues,1.7K,1 year,The city's Gun Violence Reduction Unit is investigating after dozens of shell casings were recovered from the scene. Matt Flannery¬†...,2024-01-29 03:39:26.587458
/watch?v=1w1mVg_DOYo&pp=ygUIQ2FwIEhpbGw%3D,/@danieldovinh,Daniel Dovinh - Seattle Real Estate Agent,"Welcome to Capitol Hill, Seattle, WA - Neighborhood Profile and Tour by Daniel Dovinh of Compass",50,1 year,"Welcome to Capitol Hill! This is one of Seattle's most fun and historic, neighborhoods. Your FOMO doesn't stand a chance when¬†...",2024-01-29 03:39:26.589414
/watch?v=sNu1DOaXr64&pp=ygUIQ2FwIEhpbGw%3D,/@Nexton9NEWS,Next 9NEWS,Cap Hill residents making public rights-of-way private,116,2 years,"Rights-of-way are the areas between the street and the sidewalk -- usually grassy, sometimes with trees, and in Denver,¬†...",2024-01-29 03:39:26.594018
/watch?v=cA3nPuiEtYc&pp=ygUIQ2FwIEhpbGw%3D,/@GCC_CapHill,Grace Covenant Church Capitol Hill,Capitol Hill Sunday Service,102,Streamed 4 months,Capitol Hill Sunday Service.,2024-01-29 03:39:26.595349
/watch?v=6cM_8nx8gDc&pp=ygUIQ2FwIEhpbGw%3D,/@LivingandmovingtoSeattle,Living and Moving to Seattle Washington,Avoid Moving to Capitol Hill Seattle [Unless you can handle these 7 things!] | Living in Seattle WA,2.8K,1 year,Curious about the Pros and cons of living in capitol hill? Living in Seattle can be one of the best places in the Nation to live - and¬†...,2024-01-29 03:39:26.598638
/watch?v=SPisdM4m7T0&pp=ygUIQ2FwIEhpbGw%3D,/@APArchive,AP Archive,Cap. Hill officers demand action in riot hearing,223,2 years,(27 Jul 2021) The Chairman of the House committee on the Jan. 6 insurrection wrapped up Tuesday's testimony by asking the¬†...,2024-01-29 03:39:26.600086
/watch?v=5LLMF692Ly0&pp=ygUIQ2FwIEhpbGw%3D,/@wagnerrealestategroup7604,Wagner Real Estate Group,"ü¶Ñ RARE! Breathtaking Penthouse Condo Loft in the Heart of Capitol Hill, Seattle, WA",838,2 years,"Rare, Modernist, Penthouse Loft. Enjoy living in the heart of Cap Hill featuring a private, 1500 sq. ft. rooftop deck, plus a¬†...",2024-01-29 03:39:26.601415
/watch?v=f7F-EiuGb0U&pp=ygUIQ2FwIEhpbGw%3D,/@msnbc,MSNBC,A Lack of Diversity on Capitol Hill,5.5K,2 years,"MSNBC delivers breaking news, in-depth analysis of politics headlines, as well as commentary and informed perspectives.",2024-01-29 03:39:26.603299
/watch?v=CZwKu2F0vTM&pp=ygUIQ2FwIEhpbGw%3D,/@LocalLensSeattle,Local Lens Seattle,Best Pastaüçù  in Seattle! Trying Spinasse in üìçCap Hillüìç,448,1 year,I love PASTA! Who doesn't?! I am trying the best pasta in the city and I am starting off strong with Spinasse in Capitol Hill.,2024-01-29 03:39:26.604734
/watch?v=_JD7aPzArr0&pp=ygUIQ2FwIEhpbGw%3D,/@PBSNewsHour,PBS NewsHour,Rep. Speier: Sexual harassment continues on Capitol Hill because people get away with it,6.1K,6 years,"House members confronted the seriousness of sexual harassment on Capitol Hill at a hearing on Tuesday, as two¬†...",2024-01-29 03:39:26.606184
/watch?v=udYiGbXM6jc&pp=ygUIQ2FwIEhpbGw%3D,/@LaoOcean,Lao Ocean,Seattle Coffee Talk + Morning Walk In Capitol Hill | Cal Anderson Park ‚òïÔ∏è,2.1K,1 year,A morning g at Seattle's Capitol Hill beginning with a 12 oz coffee (Americano) at Overcast Coffee Coffee. I do a quick coffee¬†...,2024-01-29 03:39:26.608069
/watch?v=-envQgYfJ1A&pp=ygUIQ2FwIEhpbGw%3D,/@msnbc,MSNBC,Feds: Capitol Hill Riot Is Emboldening Homegrown Extremists | The 11th Hour | MSNBC,23K,3 years,About The 11th Hour with Brian Williams: Brian Williams delivers the latest updates on evolving news stories and places the major¬†...,2024-01-29 03:39:26.609384
/watch?v=NNdZgkAk4G4&pp=ygUIQ2FwIEhpbGw%3D,/@Denver7,Denver7,Cap Hill projects combine new complexes with neighborhood history,447,6 years,"Two separate housing projects are keeping the former structure's historical facade, while building new apartments or condos¬†...",2024-01-29 03:39:26.613478
/watch?v=DJsOYV-XXes&pp=ygUNUGlrZSBhbmQgUGluZQ%3D%3D,/@GeorgeBuford,GeorgeBuford,Pike or Pine,63K,12 years,The quiz show for Seattle folk! Which street is it? Watch as Skip Town ( John Keister ) asks the people who ought to know the¬†...,2024-01-29 03:39:41.876290
/watch?v=CkzrNaThSQI&pp=ygUNUGlrZSBhbmQgUGluZQ%3D%3D,/@KING5Seattle,KING 5 Seattle,Pike or Pine? We bring back the iconic 'Almost Live' game - New Day NW,422,5 months,"""Almost Live's"" Nancy Guppy hosts Pike or Pine Game with Amity, KING's Chris Cashman and New Day executive producer¬†...",2024-01-29 03:39:41.879607
/watch?v=POM4vTQLA8Q&pp=ygUNUGlrZSBhbmQgUGluZQ%3D%3D,/@fox13seattle,FOX 13 Seattle,The Spotlight: Seattle's infamous intersection for lawbreaking - 3rd and Pike,79K,1 year,"A Seattle intersection known for law-breaking, 3rd and Pike, has been long overdue for a ""New Day."" That's the name given to the¬†...",2024-01-29 03:39:41.882207
/watch?v=C6xdpn91QQk&pp=ygUNUGlrZSBhbmQgUGluZQ%3D%3D,/@fox13seattle,FOX 13 Seattle,15-year-old killed after another shooting at 3rd & Pike in downtown Seattle | FOX 13 News,30K,1 year,Seattle police are investigating another deadly shooting in Downtown. Subscribe to FOX 13 Seattle:¬†...,2024-01-29 03:39:41.885407
/watch?v=xl0e3TPq5lI&pp=ygUNUGlrZSBhbmQgUGluZQ%3D%3D,/@travellogs5871,Travel Logs,"Pike-Pine Corridor, Seattle. | Morning walk on quiet streets | 4K | USA",1.2K,2 years,I took an early morning walk in Pike/Pine Corridor in Capitol Hill neighborhood of Seattle. The streets were more deserted than I¬†...,2024-01-29 03:39:41.889528
/watch?v=Yhi9659cLfg&pp=ygUNUGlrZSBhbmQgUGluZQ%3D%3D,/@KennyTruhn,Kenny Truhn,"Kenny Truhn & Friends ""From The Pike To Pine"" **Official Documentary**",647,10 years,"on November 25th, 2012.... Kenny Truhn & Friends embark on a musical journey from the Pike in Hempstead, NY to the Pine Belt¬†...",2024-01-29 03:39:41.893024
/watch?v=WsGgOlsxL1Q&pp=ygUNUGlrZSBhbmQgUGluZQ%3D%3D,/@fox13seattle,FOX 13 Seattle,3rd Avenue and Pine Street bus stop to temporarily close over crime concerns | FOX 13 Seattle,17K,1 year,King County Metro will be temporarily closing a bus stop on Third Avenue and Pine Street over safety concerns. Subscribe to FOX¬†...,2024-01-29 03:39:41.896494
/watch?v=rm9PBLu2p-I&pp=ygUNUGlrZSBhbmQgUGluZQ%3D%3D,/@BestSideCycling,Best Side Cycling,New Stop Signs and Constant Construction: Pike and Pine Street Cycling Tour [Seattle Downtown],831,8 months,Timestamps: Introduction - 0:00 Pike Street - 0:47 New Stop Signs - 4:23 Continuing Up the Hill - 5:13 Pine Street Downhill - 6:29¬†...,2024-01-29 03:39:41.904768
/watch?v=MJ0BzMJiTyE&pp=ygUNUGlrZSBhbmQgUGluZQ%3D%3D,/@PNW4K,PNW 4K,How to Enjoy Seattle on Foot: Westlake to Pike Place via Pine Street,556,7 months,"In this video, I will show you how to enjoy Seattle on foot by taking a walking tour from Westlake to Pike Place Market via Pine¬†...",2024-01-29 03:39:41.907975
/watch?v=6TZye-behRA&pp=ygUNUGlrZSBhbmQgUGluZQ%3D%3D,/@tryguys,The Try Guys,Keith Eats Everything At Pike Place Market,2.2M,7 months,"Keith's back to eat the menu, but this time, it's at Pike Place Market in Seattle, Washington! What will rank as the best of the best¬†...",2024-01-29 03:39:41.912009
/watch?v=DuO-YUOERj4&pp=ygUNUGlrZSBhbmQgUGluZQ%3D%3D,/@MonteRecords_,Monte Records,Brian Monte - Pike & Pine (Official Video),48,4 months,First Single Release called Pike & Pine.,2024-01-29 03:39:41.915003
/watch?v=GSiqMY50F20&pp=ygUNUGlrZSBhbmQgUGluZQ%3D%3D,/@JustThoughtLounge,JustThoughtLounge,The Pike County Murders [True Crime documentary],1.2M,1 year,"On a Spring day in 2016, in a quiet rural area of southern Ohio, one family awoke to a shocking tragedy and found themselves,¬†...",2024-01-29 03:39:41.923037
/watch?v=ihtZMBq-GDI&pp=ygUNUGlrZSBhbmQgUGluZQ%3D%3D,/@VeryLocal,Very Local,The Pike County Massacre | Full Episode | Hometown Tragedy: A True-Crime Series | Very Local,1.2M,1 year,"In April 2016, seven members of the Rhoden family were found dead across three properties on the same street, with the final¬†...",2024-01-29 03:39:41.926299
/watch?v=p9YOBHIIpvQ&pp=ygUNUGlrZSBhbmQgUGluZQ%3D%3D,/@Dreamofthe90s,Dream of the 90s,Living Daylights - Pike Or Pine,287,4 years,Track 1 from their 2000 album Electric Rosary.,2024-01-29 03:39:41.928913
/watch?v=EuFfmnu34rs&pp=ygUNUGlrZSBhbmQgUGluZQ%3D%3D,/@SaturdayNightLive,Saturday Night Live,Star Trek Lost Episode - SNL,5M,6 years,"In a lost episode of Star Trek, Spock (Kyle Mooney) enlists his brother, Spocko (Bobby Moynihan), to help Captain Kirk (Chris¬†...",2024-01-29 03:39:41.931571
/watch?v=SROVjGhXuP0&pp=ygUNUGlrZSBhbmQgUGluZQ%3D%3D,/@PrometheusOfVideos,Prometheus of Videos,Star Trek Into Darkness - Admiral Pike and Kirk's Chat at Bar,592K,10 years,"(Special request by Janice Waite) As Kirk goes to a dive bar to soak in the bad news delivered, Admiral Pike comes and talks to¬†...",2024-01-29 03:39:41.934249
/watch?v=F8utgNmW-yM&pp=ygUNUGlrZSBhbmQgUGluZQ%3D%3D,/@JaySiemens,Jay Siemens,"How To CATCH, CLEAN, and COOK Northern Pike. (Ice Out Ontario Pike)",699K,2 years,"In this video we head out for hungry ice out Northern Pike in NW Ontario. I go through the steps of catching, cleaning, and cooking¬†...",2024-01-29 03:39:41.937097
/watch?v=Y1bphb4_VDo&pp=ygUNUGlrZSBhbmQgUGluZQ%3D%3D,/@YouWa1k,YouWalk,Seattle üá∫üá∏ Pike/Pine Neighbourhood and Downtown Walking Tour [4K | 60fps],1.3K,9 months,*Chapters* 00:00 Preview 00:42 Downtown 04:43 Pike/Pine Neighbourhood 27:30 Downtown #walkingtour #seattle #pikepine¬†...,2024-01-29 03:39:41.941258
/watch?v=IC0EYu3iOFs&pp=ygUNUGlrZSBhbmQgUGluZQ%3D%3D,/@4KNatureandCityWalks,4K Nature and City Walks,"Seattle, 3rd & Pike to Pioneer Square at Night",28K,2 years,"Walking at night to Pioneer Square from Downtown in Seattle, Washington. The walk begins on the infamous 3rd and Pike, then¬†...",2024-01-29 03:39:51.000828
/watch?v=GNYH4FDX7VY&pp=ygUNUGlrZSBhbmQgUGluZQ%3D%3D,/@DopeFishAlberta,DopeFish Alberta,Catching Pike at Pine Coulee Reservoir. New Boat & Minn Kota Motor,3.5K,2 years,My first Open water fishing. Super short trip to Pine Coulee Reservoir after work day. Still was awesome. I tried new boat Minn¬†...,2024-01-29 03:39:51.003799
/watch?v=0RcTqPncBsg&pp=ygUNUGlrZSBhbmQgUGluZQ%3D%3D,/@brendanmckeon,Brendan McKeon,Pike & Pine vs Broadway...,73,11 years,"First draft of a Pike & Pine vs Broadway animation. Pike/Pine are very active in the early 1900's, halted at the depression, and then¬†...",2024-01-29 03:39:51.006810
/watch?v=9iqJNmbopYk&pp=ygUNUGlrZSBhbmQgUGluZQ%3D%3D,/@4KNatureandCityWalks,4K Nature and City Walks,"Downtown Seattle, Washington to Capitol Hill | Pine St, Pike St, Broadway | Virtual Walking Tour 4k",34K,4 years,"This is a virtual walking tour starting Downtown Seattle (city/town/village), Washington (Us State) to Capitol Hill, Seattle. We walk¬†...",2024-01-29 03:39:51.009675
/watch?v=WZg8iRU1NR0&pp=ygUNUGlrZSBhbmQgUGluZQ%3D%3D,/@PNW4K,PNW 4K,"Walking Around Downtown Seattle, WA on Pike St. and Pine St. to the Convention Center to Westlake 4K",2.3K,1 year,"If you're visiting Downtown Seattle, you can take a walk along Pike St starting at the Pike Place Market up to the Convention¬†...",2024-01-29 03:39:51.013895
/watch?v=BKCud-LLk3g&pp=ygUNUGlrZSBhbmQgUGluZQ%3D%3D,/@seattledot,seattledot,Pike/Pine Stakeholder Construction Meeting - February 2021,51,2 years,Listen in on a stakeholder meeting for the Melrose Promenade alterations between Pike St. and Pine St. Learn more about the¬†...,2024-01-29 03:39:51.018599
/watch?v=9LWH7k0BM9M&pp=ygUNUGlrZSBhbmQgUGluZQ%3D%3D,/@cassiederolo8899,Cassie de Rolo,Pike's Mom Look(TM) || Episode 54,643K,7 years,save us gnome mother also lmao i literally made a side account to upload tiny clips since tumblr's video service is shit. my main¬†...,2024-01-29 03:39:51.021854
/watch?v=R_ylchEHdUk&pp=ygUNUGlrZSBhbmQgUGluZQ%3D%3D,/@BBC,BBC,Chris Pine Nuts Vs Benedict Cumberbitches | The Graham Norton Show - BBC,5M,10 years,"Together on Graham's sofa in this episode are Hollywood star Chris Pine, who plays Captain James T Kirk in Star Trek Into¬†...",2024-01-29 03:39:51.024989
/watch?v=Rmf6oLBZkJ0&pp=ygUNUGlrZSBhbmQgUGluZQ%3D%3D,/@LaoOcean,Lao Ocean,Seattle Pike Place Market | Seattle Waterfront Visual Update | Walk & Talk 1-28-24 ‚òïÔ∏è‚úåÔ∏è,442,4 hours,"First visit to Pike Place Market in 2024. After coffee at Anchorhead Coffee, Amanda and I stroll the market and see what changes¬†...",2024-01-29 03:39:51.032626
/watch?v=tUn_xE5131U&pp=ygUNUGlrZSBhbmQgUGluZQ%3D%3D,/@redroastercoffee3938,Redroaster Coffee,Redroaster Cafe |  Pike & Pine,1.1K,5 years,Redroaster Cafe | Pike & Pine Brighton redroaster.co.uk.,2024-01-29 03:39:51.036889
/watch?v=EHN7qrP-4Hc&pp=ygUNUGlrZSBhbmQgUGluZQ%3D%3D,/@KING5Seattle,KING 5 Seattle,A new approach to order on 3rd Ave,14K,8 months,The non-profit group We Deliver Care has stepped up to help patrol Seattle's 3rd Ave to help restore order to the area with a¬†...,2024-01-29 03:39:51.039977
/watch?v=b-uYsit7iqY&pp=ygUNUGlrZSBhbmQgUGluZQ%3D%3D,/@BoxofficeMoviesScenes,Boxoffice Movie Scenes,Allergic Reaction from Space | Star Trek | CLIP,189K,1 year,Chris Pine and Karl Urban are soo funny in Star Trek (2009) We need a new sequel NOW Buy or rent the movie NOW¬†...,2024-01-29 03:39:51.043568
/watch?v=EyWrxWgqhjA&pp=ygUNUGlrZSBhbmQgUGluZQ%3D%3D,/@PINEFM,PINE FM,PINE and SIRI play VALORANT together...,264K,10 months,valorant #pinefm #siri YES I STREAM!!! Watch all these moments LIVE on Twitch: https://www.twitch.tv/pinefm SCHEDULE:¬†...,2024-01-29 03:39:51.046841
/watch?v=dH9_lcbjYM4&pp=ygUNUGlrZSBhbmQgUGluZQ%3D%3D,/@ppuncadmin3810,PPUNC Admin,Pike|Pine + Lid I-5,665,8 years,PPUNC video advocating for lidding Interstate 5 in downtown Seattle.,2024-01-29 03:39:51.050883
/watch?v=mCOwA-Nk2G0&pp=ygUNUGlrZSBhbmQgUGluZQ%3D%3D,/@IronSoldier,IronSoldier,Pike meets with Kirk and Spock after Violating Directives  ST Into Darkness Clip,740K,10 years,"After their mission to save a planet from a volcano, the actions taken by the captain have been noted by Spock to Star Fleet.",2024-01-29 03:39:51.053930
/watch?v=0SPg9f-2EYI&pp=ygUNUGlrZSBhbmQgUGluZQ%3D%3D,/@LaoOcean,Lao Ocean,"Walking Downtown Seattle's 3rd & Pike/Pine Corridor | Mayor‚Äôs ""Operation New Day"" To Address Crime",18K,1 year,"8:30 AM Saturday March 5,2022 A narrated walking tour of Downtown Seattle's 3rd Ave and Pike/Pine Street corridor. There have¬†...",2024-01-29 03:39:51.058043
/watch?v=eE3bTxwX0cs&pp=ygUNUGlrZSBhbmQgUGluZQ%3D%3D,/@JJBFilms,JJB Films,Redroaster | Pike & Pine Gold,15,5 years,"Michelin Starred Chef, Matt Gillan has teamed up with Restauranteur, Mike Palmer to create a modern restaurant in the heart of¬†...",2024-01-29 03:39:51.066398
/watch?v=1idZkNvLL98&pp=ygUNUGlrZSBhbmQgUGluZQ%3D%3D,/@LawAndCrime,Law&Crime Network,Pike County Massacre: The Story So Far,464K,1 year,"More than six years after the murders of 8 members of the Rhoden and Gilley families in Pike County, Ohio, a trial for one of the¬†...",2024-01-29 03:39:51.070095
/watch?v=DDXkvaXydCo&pp=ygUNUGlrZSBhbmQgUGluZQ%3D%3D,/@fox13seattle,FOX 13 Seattle,Overnight shooting in Pike/Pine corridor in Seattle | FOX 13 Seattle,3.2K,1 year,Police are investigating a shooting that injured at least 3 people in Seattle's First Hill neighborhood. Subscribe to FOX 13 Seattle:¬†...,2024-01-29 03:39:58.733073
/watch?v=mXOPjUoYNNc&pp=ygUNUGlrZSBhbmQgUGluZQ%3D%3D,/@OxygenTV,Oxygen,The Hidden Nature of Jake Wagner's Home Life | Pike County Murders (S1 E3) | Oxygen,37K,2 months,"Chris Newcomb shares a letter Jake Wagner sent from prison, and then highlights Jake's controlling nature and secret marriage.",2024-01-29 03:39:58.735188
/shorts/G-3lC6B4-Ds,/@cyanluon,Cyan Luon,"Biang Biang Hand Pulled Noodles (Seattle, Pike/Pine)",463,9 months,This is my review of Biang Biang Hand Pulled Noodles located in Seattle's Pike/Pine Busy restaurant but did not have any trouble¬†...,2024-01-29 03:39:58.736567
/watch?v=Ti0hGReDh9E&pp=ygUNUGlrZSBhbmQgUGluZQ%3D%3D,/@Bluecollarangling,Blue Collar Angling,FISHING FOR NORTHERN PIKE AT PINE ISLAND LODGE,920,6 months,Join Galo and Jonny and they chase after the elusive 40' trophy pike while staying at Pine Island lodge on the Winnipeg River in¬†...,2024-01-29 03:39:58.738962
/watch?v=MoJBJ2Q9bTI&pp=ygUNUGlrZSBhbmQgUGluZQ%3D%3D,/@choeshow,choeshow,DOWNTOWN #seattle  IS A DISASTER: Drug Dealers and homeless takeover @choeshow,128K,9 months,AMBITIOUS PLAN: Downtown #Seattle remains a disaster. But some say this is an improvement. Mayor Bruce Harrell believes his¬†...,2024-01-29 03:39:58.741442
/watch?v=xyhKqZnKvF8&pp=ygUNUGlrZSBhbmQgUGluZQ%3D%3D,/@HillHomesSeattle,HillHomesSeattle,Pike Pine Seattle is a HOT Hood - Check out this teaser,71,13 years,Trace North Condominiums is located in the Hot & Happening Pike Pine neighborhood in Seattle - This bustling area is a¬†...,2024-01-29 03:39:58.742736
/watch?v=Ej8E_wCyo_M&pp=ygUNUGlrZSBhbmQgUGluZQ%3D%3D,/@kanalgratisdotse,kanalgratisdotse,4 Tips for PIKE FISHING from the Shore üêä,452K,4 years,"Fishing pike from the bank can be extremely fun and rewarding, but it comes with a few limitations and challenges compared to¬†...",2024-01-29 03:39:58.744105
/watch?v=WUJGSVw8uag&pp=ygUNUGlrZSBhbmQgUGluZQ%3D%3D,/@LawAndCrime,Law&Crime Network,Prosecutor Details Plot Behind Pike County Massacre in Full,171K,1 year,"Telling the jury what to expect to hear when Jake and Angela Wagner testify, special prosecutor Angela Canepa detailed the plot¬†...",2024-01-29 03:39:58.745524
/watch?v=mQeL8GGvg2g&pp=ygUNUGlrZSBhbmQgUGluZQ%3D%3D,/@seattledot,seattledot,Melrose Promenade Stakeholder Meeting - Pike/Pine Construction Overview,76,2 years,Listen in on the most recent stakeholder meeting for the Melrose Promenade project! The project team explains changes to¬†...,2024-01-29 03:39:58.747323
/watch?v=TmfZQhY9-Qg&pp=ygUNUGlrZSBhbmQgUGluZQ%3D%3D,/@SouthernPineElectric,Southern Pine Electric,A Lineman‚Äôs Call: The Story of Jeremy White,222K,5 years,"On December 12, 2013, the Southern Pine family experienced a tragic incident that brought us all to our knees. Jeremy White's¬†...",2024-01-29 03:39:58.749118
/watch?v=dCCXq9QB-dQ&pp=ygUNUGlrZSBhbmQgUGluZQ%3D%3D,/channel/UCAMWWQQNQeD73DtiddfBrpg,alt-J,alt-J - Hunger Of The Pine (Official Video),55M,9 years,Directed by Nabil Concept by Joe Newman From the album 'This Is All Yours' Available on iTunes here:¬†...,2024-01-29 03:39:58.750424
/watch?v=E1hTXUEYTe0&pp=ygUNUGlrZSBhbmQgUGluZQ%3D%3D,/@WalkSignals,Walk Signals,"Walking Seattle - Pike Pine Corridor from Capitol Hill to Downtown and back, Part 1 of 2",1.3K,3 years,"We walk the Pike Pine corridor from near Madison Street to Pike Place Market via Pike Street, and back to Capitol Hill via Pine¬†...",2024-01-29 03:39:58.751681
/watch?v=iDdj_n2W41c&pp=ygUNUGlrZSBhbmQgUGluZQ%3D%3D,/@JJBFilms,JJB Films,Redroaster | Pike & Pine Restaurant Platinum,45,5 years,"Michelin Starred Chef, Matt Gillan has teamed up with Restauranteur, Mike Palmer to create a modern restaurant in the heart of¬†...",2024-01-29 03:39:58.752884
/watch?v=NyeorniyeWk&pp=ygUNUGlrZSBhbmQgUGluZQ%3D%3D,/@adventurefishinguk,Adventure Fishing UK,How to catch 6 PIKE in 96 MINUTES! Lure fishing üë∂,98K,1 year,Lure fishing for pike on the lancaster canal with a 5 month old baby! Quick smash and grab ended with more pike than i've ever¬†...,2024-01-29 03:39:58.754168
/watch?v=GHtkJhVAI3w&pp=ygUNUGlrZSBhbmQgUGluZQ%3D%3D,/@redpineridgefarm330,Red Pine Ridge Farm,Cane Pole Fishing for Northern Pike,272,7 months,"By far, my favorite way of fishing is for Northern Pike using a bamboo cane pole. There is always a change in scenery and typically¬†...",2024-01-29 03:39:58.756464
/watch?v=qs0J2F3ErMc&pp=ygUNUGlrZSBhbmQgUGluZQ%3D%3D,/@MOVIECLIPS,Movieclips,Star Trek (2/9) Movie CLIP - A Pointy-Eared Bastard (2009) HD,2M,12 years,"CLIP DESCRIPTION: Kirk (Chris Pine) is accused of cheating on the Kobayashi Maru test by Commander Spock (Zachary Quinto),¬†...",2024-01-29 03:39:58.757813
/watch?v=Zpx2TE2FZcc&pp=ygUNUGlrZSBhbmQgUGluZQ%3D%3D,/@FritzieVlogs,Fritzie Vlogs,"The Pike Outlets And Pine Ave.Pier,Long Beach CA",1.2K,1 year,"The Pike Outlets is also one of a kind outlets that you can visit at Long Beach,CA.And the Pine Ave,Pier is a good place to hangout¬†...",2024-01-29 03:39:58.759115
/watch?v=bgt20jof6YI&pp=ygUNUGlrZSBhbmQgUGluZQ%3D%3D,/@ethanchmielewskifishing,E-C Fishing,Pine Mountain Pike!,167,2 years,Here are all my fishing league sponsors:‚¨áÔ∏è BlackFish gear: http://Www.blackfishgear.com All-terrain tackle:¬†...,2024-01-29 03:40:09.176655
/watch?v=Qw7TsHlY2qg&pp=ygUNUGlrZSBhbmQgUGluZQ%3D%3D,/@startrekfriendly,Star Trek Friendly,Pike At His House | Star Trek Strange New Worlds First Episode,81K,1 year,pike #spock #starfleet #enterprise.,2024-01-29 03:40:09.180308
/watch?v=TA_GKaqJ074&pp=ygUNUGlrZSBhbmQgUGluZQ%3D%3D,/@DWHAAD,Don't Walk Home Alone After Dark,The Pine Creepers | Animated Horror Story,445K,1 year,In the summer of 1995 three friends ventured into the woods... CHECK OUT THE PEOPLE WHO HELPED BRING THIS VIDEO TO¬†...,2024-01-29 03:40:09.183407
/shorts/0Hbai-3aSFo,/@castandspear,Cast and Spear,How to ikejime a fish in under 30 seconds,26M,2 years,Ikejime is humane and keeps your fish fresher for longer. #shorts Three Ikejime Kit Options 1) All-Around Ikejime:¬†...,2024-01-29 03:40:09.187621
/watch?v=sPMgX57EsEk&pp=ygUNUGlrZSBhbmQgUGluZQ%3D%3D,/@Windermeremercerisland,Windermere Real Estate - Mercer Island,SOLD! Live/Work Condo In The Metro @ Pike/Pine - Urban Living At Its Finest!,152,8 years,"Located on Capitol Hill, just a few blocks from Downtown, this industrial / modern loft is at the epicenter of the hippest happenings¬†...",2024-01-29 03:40:09.190710
/watch?v=GrurZ-Xtb_M&pp=ygUNUGlrZSBhbmQgUGluZQ%3D%3D,/@ericsalt6531,Eric Salt,"""Pike and Pine"" by Eric Salt",55,10 years,"""Pike and Pine"" (Eric Salt 2012) Un morceau inspir√© par l'histoire de Seattle √† l'√©poque de la ru√©e vers l'or sur le Klondike.",2024-01-29 03:40:09.193872
/watch?v=A1CYBSU3bZA&pp=ygUNUGlrZSBhbmQgUGluZQ%3D%3D,/@ndyakangler,NDYakAngler,Fishing A Duck Lure For MONSTER Pike!,19M,3 years,Kayak fishing for monster pike with a duck lure! Some big fish caught and exciting topwater action on this trip! Gear used: Lure:¬†...,2024-01-29 03:40:09.197268
/watch?v=F4nE9o-d0LY&pp=ygUNUGlrZSBhbmQgUGluZQ%3D%3D,/@JJBFilms,JJB Films,Redroaster | Pike & Pine Silver,7,5 years,"Michelin Starred Chef, Matt Gillan has teamed up with Restauranteur, Mike Palmer to create a modern restaurant in the heart of¬†...",2024-01-29 03:40:09.202497
/watch?v=fNWL2WY8xxA&pp=ygUNUGlrZSBhbmQgUGluZQ%3D%3D,/@LawAndCrime,Law&Crime Network,"Jake Wagner Testifies Against Brother, Details Pike County Massacre Timeline",154K,1 year,Confessed murderer Jake Wagner has been testifying against his brother George Wagner IV about the execution-style murders of¬†...,2024-01-29 03:40:09.205693
/watch?v=aej4k6b1-6c&pp=ygUNUGlrZSBhbmQgUGluZQ%3D%3D,/@dansidlefishing,Dan Sidle Fishing,"Bass, Walleye, and Pike in Pine City, MN.",1.2K,6 years,Had two friends in town for the week at a cabin on Cross Lake in Pine City. Caught a variety of fish between the 4 of us.,2024-01-29 03:40:09.208803
/watch?v=9te9PtZPpp8&pp=ygUNUGlrZSBhbmQgUGluZQ%3D%3D,/@Overwatch2Spotlight,Overwatch 2 Spotlight,"Best Of ""Pine"" THE LEGENDARY DPS - Overwatch Montage",393K,4 years,Check out Pine : https://www.twitch.tv/tf2pine Music Used: Track: False 9 - Breathe Link: https://youtu.be/eDnfM5f_s2g ?,2024-01-29 03:40:09.211899
/watch?v=ILPUStGWGLg&pp=ygUNUGlrZSBhbmQgUGluZQ%3D%3D,/@JJBFilms,JJB Films,Redroaster | Pike & Pine Bronze,7,5 years,"Michelin Starred Chef, Matt Gillan has teamed up with Restauranteur, Mike Palmer to create a modern restaurant in the heart of¬†...",2024-01-29 03:40:09.214844
/watch?v=xDZElfG48OU&pp=ygUNUGlrZSBhbmQgUGluZQ%3D%3D,/@WalkSignals,Walk Signals,"Walking Seattle - Pike-Pine from Capitol Hill to Downtown and back, 2022",923,1 year,"Today we walk the Pike Pine corridor from Capitol Hill to Downtown, via Pike, and back via Pine. 0:00 Walk map 0:44 Walk starts¬†...",2024-01-29 03:40:09.219852
/watch?v=RuEhHVj9heY&pp=ygUNUGlrZSBhbmQgUGluZQ%3D%3D,/@TimidHouseCat,TimidHouseCat,Pine Lake Walleye | FaZe Timid Fishing,4.2K,6 years,"Part one of my day fishing Pine Lake, Alberta. The stars aligned and I was able to hook into multiple pike and one nice Walleye!",2024-01-29 03:40:09.223295
/watch?v=mHfL0y5A5FA&pp=ygUNUGlrZSBhbmQgUGluZQ%3D%3D,/@pikepine6394,Pike Pine,Pike/Pine Pictures 2013 Reel,27,10 years,We are a food-focused film production company operating out of the Pike/Pine neighborhood of Seattle.,2024-01-29 03:40:09.226644
/watch?v=5T1hGJyIqPE&pp=ygUNUGlrZSBhbmQgUGluZQ%3D%3D,/@pinesunset,pinesunset,"Summer Fishing for Walleye, Trout, Muskie, Pike and Perch with Pine Sunset Lodge",868,11 years,http://pinesunsetlodge.com/rates.htm http://facebook.com/pinesunsetlodge Sit back and relax with some fun summer fishing¬†...,2024-01-29 03:40:09.231797
/watch?v=pZ6_ZkJ6_AA&pp=ygUNUGlrZSBhbmQgUGluZQ%3D%3D,/@ScreamingRebels,Screaming Rebels,Ocher: Pike & Pine (Live At The Cellar Door),42,11 years,Screaming Rebels Podcast was invited to film a entire show by the band Ocher here is the footage that was filmed from the night¬†...,2024-01-29 03:40:09.234979
